product_id,product_name,category,supplier_id,warehouse_id,stock_quantity,reorder_level,last_restock_date
P9541407,Mouthwash - Herbal,Home Care,SUP40002,WH009,1964,325,2022-07-26
P5027988,Surface Cleaner - 500ml,Personal Care,SUP40005,WH002,597,129,2022-01-20
P9327018,Baby Lotion - 500ml,Laundry,SUP40007,WH004,1128,134,2022-06-17
P7626408,Glass Cleaner - 2L,Hair Care,SUP40009,WH004,1895,193,2022-01-31
P5097096,Dishwashing Gel - Medium,Laundry,SUP400010,WH004,1920,561,2022-02-10
P5044819,Shaving Cream - Herbal,Hair Care,SUP40008,WH008,1023,125,2022-09-15
P9221513,Surface Cleaner - Herbal,Hair Care,SUP40007,WH001,1641,395,2023-02-12
P7145062,Baby Diapers - Medium,Oral Care,SUP40008,WH006,1774,511,2022-12-02
P6244944,Floor Cleaner - 1L,Personal Care,SUP40003,WH006,100,20,2022-04-10
P5634048,Surface Cleaner - 2L,Hair Care,SUP40009,WH008,1321,314,2023-01-03
P7834199,Conditioner - 500ml,Laundry,SUP400010,WH001,1410,192,2023-01-18
P3016217,Baby Diapers - 2L,Kitchen Care,SUP40002,WH005,1441,425,2022-11-30
P0676018,Dishwashing Gel - Aloe,Kitchen Care,SUP40003,WH004,1936,532,2023-06-06
P8131179,Glass Cleaner - 2L,Personal Care,SUP40001,WH001,642,130,2023-02-08
P9944663,Laundry Detergent - 1L,Personal Care,SUP40007,WH002,242,62,2022-02-06
P7785081,Toilet Cleaner - Medium,Hair Care,SUP400010,WH006,1666,268,2023-06-25
P6933957,Laundry Detergent - Herbal,Kitchen Care,SUP40005,WH006,1143,173,2022-05-07
P2008391,Hand Soap - Aloe,Personal Care,SUP40006,WH009,1506,205,2022-03-10
P0628608,Baby Lotion - Medium,Kitchen Care,SUP40003,WH002,1761,477,2023-05-21
P8352145,Bleach - Large,Oral Care,SUP40008,WH010,1411,255,2022-06-26
P3903754,Detergent Liquid - Large,Hair Care,SUP40007,WH010,1910,502,2023-07-11
P9488078,Fabric Softener - 500ml,Kitchen Care,SUP40008,WH010,991,243,2022-07-22
P4650154,Bleach - Small,Oral Care,SUP400010,WH002,1039,246,2022-08-05
P6953451,Hand Soap - 2L,Home Care,SUP40006,WH009,1097,119,2022-05-11
P6090957,Floor Cleaner - 500ml,Home Care,SUP40007,WH007,1753,196,2023-03-16
P0208426,Bleach - Herbal,Laundry,SUP40007,WH007,265,49,2023-01-10
P4502439,Dishwashing Gel - Large,Kitchen Care,SUP40004,WH005,1439,155,2022-03-23
P1754500,Surface Cleaner - Mint,Personal Care,SUP40008,WH010,547,70,2022-04-12
P3311459,Glass Cleaner - Lemon,Baby Care,SUP40007,WH004,1516,234,2023-09-07
P5387465,Shampoo - Aloe,Baby Care,SUP40006,WH004,808,233,2022-01-12
P9095545,Mouthwash - Mint,Personal Care,SUP40006,WH007,896,208,2023-03-20
P9123931,Baby Diapers - 2L,Baby Care,SUP40003,WH010,1055,175,2022-01-01
P8267448,Dental Floss - 500ml,Kitchen Care,SUP40003,WH003,303,66,2022-07-22
P7734845,Baby Lotion - 500ml,Home Care,SUP40008,WH009,428,97,2023-06-30
P1597732,Laundry Detergent - 1L,Laundry,SUP40009,WH007,1505,330,2022-01-08
P0537090,Floor Cleaner - 2L,Baby Care,SUP400010,WH006,1200,334,2022-12-19
P5966360,Surface Cleaner - 500ml,Home Care,SUP40001,WH010,1741,253,2023-03-15
P6667946,Surface Cleaner - 500ml,Baby Care,SUP400010,WH002,1121,182,2022-10-16
P9627520,Glass Cleaner - Small,Oral Care,SUP40009,WH005,1527,380,2023-06-05
P5926794,Fabric Softener - Lemon,Laundry,SUP40007,WH003,1690,343,2023-02-28
P6506593,Shampoo - 500ml,Kitchen Care,SUP40009,WH006,819,148,2023-06-27
P1932112,Bleach - Herbal,Home Care,SUP40007,WH007,219,26,2022-06-19
P1324251,Baby Wipes - Mint,Laundry,SUP40008,WH001,1761,364,2022-07-16
P7392270,Hair Spray - Aloe,Laundry,SUP40003,WH001,1891,547,2023-06-08
P0003778,Baby Diapers - Medium,Personal Care,SUP40001,WH008,887,250,2023-09-10
P9289180,Dishwashing Gel - Medium,Hair Care,SUP40004,WH004,1343,158,2022-01-15
P2581028,Dental Floss - Mint,Baby Care,SUP400010,WH006,1182,247,2022-02-12
P2853294,Floor Cleaner - Medium,Home Care,SUP40001,WH002,861,244,2023-03-18
P2779479,Bleach - 500ml,Hair Care,SUP400010,WH006,1982,423,2023-06-01
P6937303,Fabric Softener - Herbal,Kitchen Care,SUP40006,WH009,1270,261,2023-04-19
P0952576,Baby Wipes - Large,Laundry,SUP40002,WH010,1008,280,2023-08-04
P4603490,Conditioner - Aloe,Hair Care,SUP40003,WH008,1081,224,2023-04-17
P0461165,Floor Cleaner - Aloe,Baby Care,SUP40009,WH006,206,50,2022-02-09
P4935084,Detergent Liquid - Mint,Home Care,SUP40004,WH010,1512,360,2022-10-31
P2504467,Dental Floss - Large,Hair Care,SUP40001,WH006,1422,284,2022-12-19
P8128664,Shampoo - Lemon,Personal Care,SUP40008,WH001,292,72,2022-10-13
P8796472,Hand Soap - Herbal,Personal Care,SUP40001,WH010,1431,349,2023-03-21
P7000143,Detergent Liquid - Mint,Kitchen Care,SUP40003,WH008,1582,376,2022-08-14
P7017569,Baby Wipes - Large,Hair Care,SUP40004,WH007,1817,389,2022-09-16
P9738532,Detergent Liquid - 500ml,Personal Care,SUP40003,WH006,1069,124,2022-08-03
P1508867,Toilet Cleaner - 500ml,Baby Care,SUP40003,WH005,210,44,2023-04-03
P1238756,Baby Wipes - Mint,Personal Care,SUP40003,WH006,1967,587,2023-09-11
P6225295,Baby Wipes - Large,Oral Care,SUP400010,WH006,238,34,2022-04-27
P8479497,Baby Wipes - 2L,Baby Care,SUP40006,WH006,1833,219,2022-10-11
P7682909,Laundry Detergent - Medium,Hair Care,SUP40009,WH004,772,98,2023-07-04
P7916028,Hair Spray - Aloe,Kitchen Care,SUP40006,WH002,1062,184,2022-01-18
P6143198,Baby Lotion - Aloe,Laundry,SUP40002,WH010,1172,339,2023-02-10
P7714950,Toothpaste - Herbal,Oral Care,SUP400010,WH005,298,64,2022-11-15
P2619662,Hand Soap - Small,Oral Care,SUP40005,WH004,1985,220,2022-01-19
P3245620,Conditioner - 1L,Home Care,SUP40006,WH001,1200,122,2023-07-30
P2881249,Shampoo - Small,Baby Care,SUP400010,WH004,1499,397,2022-10-26
P1212095,Mouthwash - Aloe,Baby Care,SUP40008,WH008,1397,407,2023-08-25
P3882878,Bleach - Lemon,Personal Care,SUP40002,WH005,1876,254,2022-10-08
P1801101,Toilet Cleaner - 1L,Kitchen Care,SUP40002,WH003,1705,330,2023-09-03
P6724836,Toothpaste - Medium,Home Care,SUP40002,WH008,787,99,2022-04-24
P9927749,Bleach - Small,Kitchen Care,SUP40005,WH003,1754,314,2022-12-10
P7923012,Bleach - 1L,Kitchen Care,SUP400010,WH001,1679,468,2023-03-20
P4504331,Hand Soap - 500ml,Laundry,SUP40001,WH009,1787,337,2022-11-23
P5651379,Baby Lotion - Medium,Oral Care,SUP40001,WH010,973,100,2023-08-20
P0255528,Hair Spray - Lemon,Oral Care,SUP40009,WH002,1998,276,2023-05-06
P1031722,Toothpaste - 2L,Kitchen Care,SUP40001,WH003,1809,469,2022-08-13
P6083346,Dishwashing Gel - Aloe,Home Care,SUP40004,WH010,1847,472,2022-10-21
P7169109,Shaving Cream - Lemon,Personal Care,SUP40005,WH003,185,40,2023-09-21
P4633491,Hair Spray - Large,Laundry,SUP400010,WH009,1786,337,2022-03-06
P1250254,Hair Spray - Mint,Oral Care,SUP40003,WH001,1456,275,2022-05-15
P4834624,Bleach - 1L,Personal Care,SUP40004,WH009,814,161,2022-05-02
P2521121,Floor Cleaner - 1L,Oral Care,SUP40008,WH003,1391,376,2022-11-26
P7176174,Baby Wipes - Lemon,Personal Care,SUP40004,WH007,1782,283,2022-10-01
P1326314,Baby Lotion - Mint,Kitchen Care,SUP40005,WH009,1235,143,2023-06-02
P7516047,Baby Diapers - Herbal,Personal Care,SUP40001,WH003,1843,240,2022-03-31
P2797375,Baby Wipes - 2L,Laundry,SUP40003,WH006,503,117,2022-08-19
P6316932,Dishwashing Gel - Herbal,Personal Care,SUP40006,WH005,1370,346,2022-11-07
P4456796,Toilet Cleaner - Large,Laundry,SUP40006,WH008,1149,238,2022-04-21
P7486683,Baby Diapers - 500ml,Home Care,SUP40005,WH007,1011,171,2023-03-24
P6591749,Hair Spray - Lemon,Oral Care,SUP40006,WH007,422,112,2022-02-10
P3149458,Toilet Cleaner - Lemon,Hair Care,SUP40002,WH003,1335,266,2023-09-22
P8270410,Shaving Cream - Mint,Personal Care,SUP40004,WH003,90,17,2022-09-14
P2792555,Baby Lotion - 500ml,Baby Care,SUP40003,WH008,791,148,2022-12-28
P5617265,Baby Wipes - 500ml,Home Care,SUP40005,WH008,1412,322,2022-11-30
P5134906,Toilet Cleaner - Mint,Oral Care,SUP40006,WH008,1914,514,2023-07-30
P7453779,Surface Cleaner - Small,Oral Care,SUP400010,WH010,811,241,2022-11-13
P4474743,Detergent Liquid - Small,Home Care,SUP40008,WH002,793,214,2022-10-10
P1561798,Dishwashing Gel - Herbal,Laundry,SUP40008,WH006,1115,227,2022-09-15
P4356433,Floor Cleaner - Medium,Laundry,SUP40008,WH002,669,99,2022-04-22
P1284465,Shaving Cream - Mint,Kitchen Care,SUP40001,WH008,1957,356,2023-01-06
P9646654,Shaving Cream - Mint,Oral Care,SUP40006,WH009,849,95,2022-01-12
P5735599,Toothpaste - Herbal,Laundry,SUP40009,WH008,1057,211,2023-05-06
P3569050,Dishwashing Gel - 1L,Home Care,SUP40004,WH004,829,111,2022-08-25
P6679699,Surface Cleaner - Small,Baby Care,SUP40006,WH004,854,252,2022-05-01
P3286897,Fabric Softener - Lemon,Personal Care,SUP40008,WH005,995,223,2022-05-11
P0809764,Hair Spray - Aloe,Personal Care,SUP40006,WH002,1641,294,2022-12-12
P5008222,Detergent Liquid - Mint,Laundry,SUP40002,WH002,1172,153,2022-10-05
P3597841,Hair Spray - Medium,Baby Care,SUP40005,WH002,380,67,2022-05-04
P4831357,Baby Wipes - Small,Hair Care,SUP40004,WH008,1247,330,2023-07-13
P8958615,Hair Spray - Large,Kitchen Care,SUP40004,WH005,608,90,2023-02-25
P1989799,Baby Diapers - 2L,Laundry,SUP40004,WH006,231,37,2023-05-04
P7960877,Shampoo - Herbal,Home Care,SUP40005,WH005,217,40,2022-07-11
P9712622,Baby Wipes - 2L,Personal Care,SUP40008,WH010,1645,456,2022-02-20
P0442556,Fabric Softener - 1L,Hair Care,SUP40005,WH008,1737,421,2022-04-22
P7978774,Bleach - 2L,Oral Care,SUP40006,WH008,938,258,2023-02-15
P9067388,Hair Spray - Aloe,Kitchen Care,SUP40002,WH006,1987,566,2023-08-03
P7996575,Conditioner - 2L,Kitchen Care,SUP40001,WH009,1688,455,2023-08-17
P9930849,Glass Cleaner - Lemon,Personal Care,SUP40006,WH010,1398,291,2023-02-15
P8784015,Baby Wipes - Herbal,Kitchen Care,SUP40008,WH009,308,47,2023-03-21
P3297103,Baby Lotion - Small,Oral Care,SUP40003,WH001,431,80,2022-01-28
P9586542,Baby Lotion - Aloe,Hair Care,SUP40008,WH002,1768,437,2022-06-09
P7048057,Surface Cleaner - 2L,Baby Care,SUP40006,WH006,1310,303,2023-08-29
P4396074,Bleach - Small,Hair Care,SUP40009,WH005,322,92,2022-01-19
P0412802,Mouthwash - Mint,Oral Care,SUP40008,WH006,1195,325,2023-06-12
P8323017,Dishwashing Gel - Small,Home Care,SUP40007,WH006,771,172,2023-07-16
P3627130,Toilet Cleaner - Small,Baby Care,SUP40004,WH006,263,75,2022-11-11
P6817310,Fabric Softener - Lemon,Personal Care,SUP400010,WH009,953,242,2022-08-03
P6357423,Conditioner - 1L,Kitchen Care,SUP40001,WH009,1105,300,2022-09-12
P4879182,Detergent Liquid - Lemon,Oral Care,SUP40008,WH004,589,71,2022-12-01
P9325906,Baby Diapers - 2L,Oral Care,SUP40008,WH009,1360,231,2023-08-29
P3291817,Dental Floss - 2L,Hair Care,SUP40007,WH009,252,41,2023-05-24
P5638362,Mouthwash - Large,Kitchen Care,SUP40008,WH006,1993,316,2022-08-11
P2546906,Toilet Cleaner - Herbal,Home Care,SUP40006,WH001,549,138,2022-06-30
P3137055,Toilet Cleaner - Large,Kitchen Care,SUP40005,WH006,407,43,2022-11-25
P5394666,Hair Spray - 1L,Hair Care,SUP40004,WH007,279,38,2023-08-25
P2812288,Hair Spray - Medium,Home Care,SUP40003,WH004,1368,391,2023-08-19
P9629355,Laundry Detergent - Herbal,Laundry,SUP40001,WH010,1110,294,2022-03-11
P6372561,Mouthwash - 1L,Personal Care,SUP40002,WH009,909,198,2023-02-09
P7681237,Conditioner - Lemon,Baby Care,SUP40006,WH001,1130,326,2023-08-03
P4698379,Hand Soap - 500ml,Baby Care,SUP40005,WH002,58,7,2023-06-27
P7212442,Toilet Cleaner - Large,Laundry,SUP40006,WH002,1976,576,2022-11-16
P2478879,Toothpaste - Aloe,Baby Care,SUP40003,WH001,603,171,2022-05-15
P0544895,Fabric Softener - Medium,Laundry,SUP40003,WH001,968,281,2022-12-28
P2806021,Surface Cleaner - Large,Hair Care,SUP40002,WH001,1561,315,2022-05-25
P8198332,Conditioner - Mint,Hair Care,SUP40001,WH006,903,132,2022-04-20
P5401141,Baby Lotion - Medium,Home Care,SUP40005,WH008,1286,227,2022-10-09
P8396321,Dental Floss - Mint,Hair Care,SUP40002,WH006,1755,266,2022-11-05
P4257229,Shampoo - Medium,Laundry,SUP40002,WH004,1999,599,2023-02-06
P7597650,Fabric Softener - Mint,Home Care,SUP40008,WH005,425,108,2022-07-15
P3775270,Toothpaste - 1L,Baby Care,SUP40006,WH008,1285,270,2022-02-28
P2797179,Dental Floss - 1L,Hair Care,SUP40009,WH001,857,179,2022-05-29
P7272652,Hair Spray - Aloe,Home Care,SUP40009,WH004,1697,458,2023-04-24
P8437016,Bleach - Small,Oral Care,SUP40007,WH001,186,48,2023-07-23
P5018540,Dishwashing Gel - Mint,Home Care,SUP40001,WH001,1248,128,2023-01-28
P7131842,Shaving Cream - Lemon,Oral Care,SUP40006,WH004,1874,445,2023-02-06
P1806674,Shaving Cream - Mint,Kitchen Care,SUP40006,WH007,145,17,2023-01-06
P6910954,Detergent Liquid - Herbal,Kitchen Care,SUP40008,WH005,1592,224,2022-11-19
P4062481,Laundry Detergent - Small,Personal Care,SUP40002,WH009,1996,257,2022-11-07
P0815303,Shampoo - Herbal,Personal Care,SUP40006,WH004,1929,288,2022-08-23
P7214675,Mouthwash - Herbal,Baby Care,SUP40008,WH005,384,100,2022-05-04
P5454146,Baby Wipes - 2L,Personal Care,SUP40008,WH006,1689,347,2022-10-11
P7658905,Hand Soap - Herbal,Laundry,SUP40001,WH002,883,138,2023-03-23
P9985531,Baby Lotion - 2L,Hair Care,SUP40001,WH004,228,67,2023-08-26
P8240436,Baby Diapers - 2L,Home Care,SUP40003,WH006,1934,529,2022-09-20
P1764306,Dental Floss - Mint,Oral Care,SUP40005,WH007,1804,468,2023-02-05
P0188749,Hair Spray - 1L,Hair Care,SUP40003,WH008,1600,170,2022-06-20
P9479142,Baby Diapers - 500ml,Home Care,SUP40006,WH009,402,61,2022-08-21
P1805338,Mouthwash - Lemon,Personal Care,SUP40005,WH008,1965,309,2022-03-27
P6392155,Mouthwash - Lemon,Hair Care,SUP40006,WH007,1857,362,2022-07-28
P9163297,Toothpaste - 2L,Hair Care,SUP40007,WH004,1039,195,2022-02-07
P8233197,Shaving Cream - Lemon,Laundry,SUP40004,WH009,1094,169,2022-09-23
P1694784,Hair Spray - Medium,Hair Care,SUP40001,WH008,1136,168,2023-08-29
P7294796,Toothpaste - Aloe,Laundry,SUP40001,WH008,397,51,2022-04-29
P7232464,Floor Cleaner - 500ml,Kitchen Care,SUP40001,WH001,627,138,2022-03-06
P0810085,Toothpaste - Aloe,Oral Care,SUP40005,WH010,947,163,2022-07-07
P4187780,Dental Floss - Lemon,Oral Care,SUP40003,WH006,900,166,2022-01-22
P2714993,Toilet Cleaner - Small,Home Care,SUP40002,WH007,1158,278,2023-01-08
P8303716,Detergent Liquid - 2L,Laundry,SUP40007,WH009,295,84,2023-08-13
P2507593,Conditioner - Medium,Oral Care,SUP40008,WH008,889,238,2023-01-08
P4163478,Dental Floss - 500ml,Oral Care,SUP400010,WH008,641,158,2022-08-02
P2766537,Dishwashing Gel - Herbal,Oral Care,SUP40008,WH003,1336,392,2022-06-05
P2474147,Hair Spray - Large,Laundry,SUP40001,WH005,1288,145,2022-03-13
P9224418,Surface Cleaner - 1L,Home Care,SUP40002,WH004,1478,218,2022-03-30
P4866679,Laundry Detergent - Mint,Personal Care,SUP40001,WH004,324,78,2023-06-29
P6732835,Conditioner - 500ml,Baby Care,SUP40007,WH009,172,45,2023-02-18
P7266293,Floor Cleaner - Herbal,Kitchen Care,SUP40009,WH004,773,180,2023-01-10
P8900281,Laundry Detergent - Small,Hair Care,SUP40007,WH001,1493,299,2022-02-01
P3966621,Surface Cleaner - 1L,Personal Care,SUP40006,WH010,515,72,2023-07-20
P9938291,Surface Cleaner - Medium,Home Care,SUP40002,WH008,369,52,2022-03-28
P5477482,Toothpaste - 1L,Home Care,SUP40009,WH004,651,87,2023-09-12
P3977593,Detergent Liquid - 2L,Oral Care,SUP40005,WH003,1381,242,2023-07-06
P0232663,Baby Wipes - Medium,Baby Care,SUP40004,WH009,1163,176,2022-03-16
P3356760,Mouthwash - Herbal,Home Care,SUP40006,WH003,1375,277,2022-03-19
P0807507,Bleach - Large,Hair Care,SUP40008,WH007,198,51,2022-06-15
P6583072,Baby Diapers - 1L,Personal Care,SUP40008,WH003,1965,353,2022-02-13
P6766903,Bleach - Mint,Oral Care,SUP40004,WH003,430,69,2023-08-26
P1479156,Hair Spray - Lemon,Hair Care,SUP40003,WH003,516,103,2023-05-24
P4314072,Dishwashing Gel - Large,Hair Care,SUP40006,WH006,1084,189,2022-01-22
P8521365,Dishwashing Gel - Medium,Hair Care,SUP40005,WH007,1689,338,2022-01-17
P9380842,Baby Diapers - Large,Hair Care,SUP400010,WH005,483,106,2023-09-07
P6436206,Mouthwash - Medium,Laundry,SUP40001,WH004,1280,164,2022-03-09
P5078558,Toilet Cleaner - Mint,Personal Care,SUP400010,WH009,815,178,2022-05-11
P5042791,Floor Cleaner - Mint,Hair Care,SUP40001,WH003,1574,464,2023-03-30
P9622811,Dental Floss - Large,Kitchen Care,SUP40004,WH009,602,86,2022-01-23
P2484989,Floor Cleaner - 2L,Baby Care,SUP40006,WH009,322,48,2023-01-16
P7132040,Dental Floss - Aloe,Hair Care,SUP40007,WH006,1933,311,2023-02-14
P3379839,Shaving Cream - Large,Hair Care,SUP40004,WH006,1672,204,2022-08-25
P1444130,Baby Lotion - Large,Hair Care,SUP40008,WH005,1490,280,2022-08-23
P1904778,Shampoo - 2L,Baby Care,SUP40002,WH003,100,12,2023-04-08
P1133495,Toothpaste - Aloe,Hair Care,SUP40004,WH008,684,200,2023-09-25
P6016197,Toilet Cleaner - Mint,Oral Care,SUP40003,WH008,1147,306,2022-11-29
P5073911,Hair Spray - Herbal,Baby Care,SUP40006,WH001,1672,403,2022-07-02
P5950798,Fabric Softener - Lemon,Baby Care,SUP40008,WH001,1507,202,2023-03-28
P3417821,Mouthwash - Small,Hair Care,SUP40009,WH007,92,13,2023-06-29
P1733489,Dishwashing Gel - 2L,Kitchen Care,SUP40008,WH001,898,176,2022-11-27
P4659041,Glass Cleaner - Large,Laundry,SUP40004,WH001,1834,519,2023-03-31
P5867185,Shampoo - 2L,Personal Care,SUP400010,WH006,1060,224,2022-04-11
P3680302,Dishwashing Gel - Aloe,Hair Care,SUP400010,WH009,1495,382,2022-11-21
P2567423,Baby Wipes - Medium,Oral Care,SUP40003,WH010,752,125,2023-08-20
P0916732,Dishwashing Gel - 1L,Baby Care,SUP40009,WH005,1262,234,2023-01-10
P1567825,Shaving Cream - Aloe,Personal Care,SUP40003,WH007,1208,330,2022-11-04
P7802291,Laundry Detergent - Herbal,Kitchen Care,SUP40007,WH009,302,47,2022-08-27
P1391444,Shampoo - Large,Laundry,SUP40008,WH001,576,91,2022-08-28
P7969226,Toilet Cleaner - Lemon,Oral Care,SUP400010,WH008,1890,425,2023-07-18
P1951136,Baby Wipes - Mint,Laundry,SUP40005,WH008,718,131,2022-02-03
P4752667,Hand Soap - Small,Hair Care,SUP40003,WH007,1333,221,2023-03-06
P7944977,Surface Cleaner - Large,Personal Care,SUP40004,WH006,829,133,2022-09-27
P8120345,Conditioner - Medium,Baby Care,SUP40003,WH009,460,117,2022-12-28
P5122575,Laundry Detergent - Medium,Baby Care,SUP40003,WH009,1437,175,2022-06-27
P2945196,Shampoo - Medium,Oral Care,SUP40008,WH005,251,74,2023-02-25
P7603832,Mouthwash - Medium,Personal Care,SUP40001,WH009,1156,117,2022-08-19
P4508866,Toothpaste - Medium,Kitchen Care,SUP40005,WH005,446,55,2022-02-20
P6038787,Toothpaste - Mint,Personal Care,SUP40004,WH009,1219,308,2022-04-22
P3829261,Shampoo - Mint,Hair Care,SUP40002,WH008,59,10,2022-05-26
P5091508,Hair Spray - 2L,Baby Care,SUP40008,WH010,395,109,2022-02-21
P1519873,Toilet Cleaner - Aloe,Hair Care,SUP40005,WH005,492,143,2023-05-03
P9651553,Baby Wipes - 2L,Baby Care,SUP40005,WH005,58,15,2022-10-30
P1981154,Baby Wipes - Aloe,Hair Care,SUP40003,WH004,620,88,2023-04-08
P0816432,Hand Soap - Aloe,Oral Care,SUP40006,WH009,527,115,2022-08-13
P9713410,Baby Diapers - 500ml,Home Care,SUP40009,WH004,168,39,2023-07-17
P1621836,Toilet Cleaner - Lemon,Baby Care,SUP40006,WH001,1316,354,2022-03-23
P0839615,Baby Wipes - 500ml,Baby Care,SUP40009,WH007,1816,290,2022-12-13
P8698126,Toilet Cleaner - Aloe,Hair Care,SUP40007,WH006,580,104,2023-09-25
P1347329,Toothpaste - 2L,Oral Care,SUP40004,WH006,146,28,2023-05-11
P5311566,Bleach - 1L,Baby Care,SUP400010,WH008,1207,271,2022-10-16
P6969712,Shaving Cream - Medium,Home Care,SUP40004,WH004,1127,138,2023-01-21
P7259689,Hair Spray - 1L,Hair Care,SUP40005,WH004,1037,278,2022-07-14
P2988588,Shaving Cream - Lemon,Personal Care,SUP400010,WH007,594,156,2022-05-24
P2362454,Toilet Cleaner - 2L,Home Care,SUP40002,WH004,1085,239,2022-09-02
P8073947,Surface Cleaner - Mint,Personal Care,SUP40009,WH008,867,105,2022-11-15
P8531718,Shaving Cream - Aloe,Laundry,SUP40008,WH010,845,188,2022-04-16
P1624826,Baby Lotion - Medium,Oral Care,SUP40001,WH005,514,124,2022-10-17
P6472047,Toilet Cleaner - Herbal,Home Care,SUP40004,WH010,1457,188,2022-05-07
P0050592,Glass Cleaner - Lemon,Laundry,SUP40004,WH007,979,157,2022-07-24
P9676957,Shaving Cream - Medium,Personal Care,SUP40009,WH007,1743,242,2022-07-22
P1942597,Floor Cleaner - Medium,Personal Care,SUP40001,WH002,101,26,2022-09-13
P1835162,Toothpaste - Large,Baby Care,SUP40001,WH007,399,116,2023-09-28
P6992546,Fabric Softener - 2L,Kitchen Care,SUP40008,WH005,834,180,2023-08-25
P1077106,Hair Spray - Lemon,Baby Care,SUP40006,WH001,288,54,2022-06-10
P7536570,Detergent Liquid - Aloe,Hair Care,SUP40004,WH001,1426,176,2022-02-07
P1835493,Laundry Detergent - Lemon,Baby Care,SUP40002,WH009,450,95,2023-07-12
P8885134,Baby Lotion - 500ml,Kitchen Care,SUP40007,WH007,1711,383,2023-07-21
P3368639,Fabric Softener - Large,Home Care,SUP40002,WH007,607,154,2022-12-26
P9421319,Baby Diapers - 1L,Hair Care,SUP40005,WH009,1957,248,2023-09-16
P1064915,Shaving Cream - 500ml,Hair Care,SUP40009,WH004,1709,466,2022-02-01
P9900203,Toothpaste - Herbal,Baby Care,SUP40001,WH003,894,256,2022-03-19
P7870284,Mouthwash - 500ml,Home Care,SUP40006,WH010,1268,310,2022-06-25
P0576052,Shampoo - Aloe,Laundry,SUP40006,WH003,1305,384,2023-08-13
P5591008,Glass Cleaner - Large,Home Care,SUP400010,WH004,1082,248,2022-02-01
P4689626,Fabric Softener - Lemon,Baby Care,SUP40001,WH004,1449,299,2022-01-28
P9870759,Toilet Cleaner - Herbal,Hair Care,SUP400010,WH004,99,11,2023-02-11
P5963367,Baby Wipes - 1L,Laundry,SUP40009,WH005,1798,360,2023-06-13
P0253999,Glass Cleaner - Large,Oral Care,SUP40001,WH006,1393,364,2023-02-17
P5198133,Detergent Liquid - Herbal,Home Care,SUP40007,WH008,986,157,2022-11-30
P8212883,Baby Diapers - Lemon,Hair Care,SUP40009,WH010,1990,372,2022-03-22
P0319450,Surface Cleaner - 1L,Laundry,SUP400010,WH008,648,179,2022-05-28
P8736053,Shampoo - 2L,Laundry,SUP40006,WH006,767,215,2023-08-17
P9305554,Laundry Detergent - Small,Laundry,SUP40005,WH003,1611,386,2023-01-14
P2026065,Surface Cleaner - Herbal,Kitchen Care,SUP40007,WH006,1252,365,2022-08-31
P7395197,Conditioner - Medium,Home Care,SUP40005,WH004,1260,213,2022-07-13
P5877384,Toothpaste - Herbal,Laundry,SUP400010,WH008,105,12,2022-03-27
P5328129,Hair Spray - Aloe,Hair Care,SUP400010,WH001,896,237,2023-07-09
P2431125,Dishwashing Gel - Medium,Oral Care,SUP40002,WH003,1883,189,2022-09-09
P6879705,Dental Floss - 1L,Baby Care,SUP40008,WH004,924,121,2022-07-08
P7428730,Hand Soap - Lemon,Baby Care,SUP40002,WH001,912,207,2023-01-20
P3447098,Toothpaste - Herbal,Laundry,SUP40005,WH001,1975,306,2022-04-07
P0429064,Shaving Cream - 1L,Personal Care,SUP40009,WH005,357,63,2023-01-19
P1625296,Shaving Cream - Aloe,Kitchen Care,SUP40003,WH008,896,239,2023-05-13
P2379239,Dental Floss - Mint,Laundry,SUP40001,WH006,829,141,2023-03-03
P1842370,Surface Cleaner - Herbal,Laundry,SUP40004,WH003,1558,278,2022-08-16
P4446671,Mouthwash - Small,Baby Care,SUP40005,WH001,947,147,2023-06-13
P8866538,Shaving Cream - 2L,Laundry,SUP40009,WH008,527,125,2023-03-25
P9832065,Fabric Softener - Aloe,Hair Care,SUP40009,WH008,658,87,2023-06-12
P3706961,Toothpaste - Aloe,Hair Care,SUP40007,WH003,1427,391,2023-03-02
P7062346,Conditioner - Mint,Kitchen Care,SUP400010,WH010,140,19,2023-03-26
P3703226,Fabric Softener - Herbal,Hair Care,SUP40002,WH001,1323,203,2023-02-16
P1778929,Shaving Cream - Lemon,Laundry,SUP40009,WH004,1973,273,2023-09-28
P4062385,Baby Wipes - 1L,Personal Care,SUP40001,WH005,396,76,2022-06-27
P6194229,Baby Wipes - Large,Laundry,SUP40006,WH007,537,154,2022-05-11
P7486822,Laundry Detergent - 2L,Oral Care,SUP40007,WH007,1659,412,2023-05-12
P1685661,Dishwashing Gel - 500ml,Home Care,SUP400010,WH009,1736,281,2023-01-19
P6689877,Hair Spray - 2L,Personal Care,SUP40007,WH009,1368,399,2023-05-17
P0892985,Fabric Softener - Mint,Laundry,SUP40002,WH001,1988,453,2023-05-22
P5502379,Shaving Cream - Small,Hair Care,SUP40002,WH003,1720,416,2022-10-23
P6133990,Baby Diapers - 1L,Oral Care,SUP40003,WH007,1751,249,2022-06-11
P7765130,Toilet Cleaner - 500ml,Home Care,SUP400010,WH008,1061,139,2022-04-26
P7734298,Floor Cleaner - Herbal,Kitchen Care,SUP40005,WH007,129,25,2023-07-04
P6029762,Laundry Detergent - 1L,Kitchen Care,SUP40005,WH004,1350,352,2023-01-22
P4588133,Surface Cleaner - Herbal,Kitchen Care,SUP40004,WH009,1548,253,2022-12-03
P6041235,Dishwashing Gel - 500ml,Baby Care,SUP40008,WH001,1840,330,2022-05-15
P7607861,Laundry Detergent - Lemon,Hair Care,SUP40002,WH009,1357,384,2023-05-18
P2369841,Laundry Detergent - Large,Baby Care,SUP40005,WH007,600,66,2022-09-08
P0495183,Baby Wipes - Aloe,Laundry,SUP40001,WH006,884,142,2023-07-09
P1952363,Glass Cleaner - Mint,Personal Care,SUP40007,WH002,1265,273,2022-03-22
P7241808,Surface Cleaner - Lemon,Home Care,SUP40008,WH010,1697,461,2022-07-16
P8049910,Laundry Detergent - Small,Baby Care,SUP40002,WH004,596,120,2023-01-24
P2548411,Shaving Cream - Medium,Home Care,SUP40009,WH004,1179,124,2022-12-30
P3096274,Shampoo - Mint,Home Care,SUP40005,WH004,1921,554,2023-03-04
P7409157,Detergent Liquid - Medium,Laundry,SUP40004,WH010,958,165,2022-08-24
P0893882,Baby Diapers - 1L,Home Care,SUP400010,WH005,1760,261,2022-03-28
P4438721,Shampoo - Large,Home Care,SUP400010,WH002,1085,251,2023-08-24
P8095766,Baby Lotion - Herbal,Personal Care,SUP40005,WH003,313,63,2023-04-17
P3153581,Baby Wipes - Large,Laundry,SUP40002,WH007,1432,149,2022-04-27
P5261860,Dental Floss - Aloe,Kitchen Care,SUP400010,WH004,1665,223,2022-04-11
P1800096,Baby Lotion - 500ml,Laundry,SUP40002,WH002,323,42,2022-07-18
P5015429,Dishwashing Gel - 1L,Baby Care,SUP40007,WH005,1592,234,2022-06-09
P4870801,Shaving Cream - Medium,Laundry,SUP40006,WH001,256,29,2023-01-20
P5841615,Toilet Cleaner - 2L,Personal Care,SUP40006,WH006,1970,536,2022-09-07
P8031018,Conditioner - 2L,Home Care,SUP40001,WH010,1496,330,2022-05-20
P5821159,Baby Diapers - Small,Personal Care,SUP40008,WH008,575,72,2022-06-29
P3455520,Dental Floss - Aloe,Baby Care,SUP40007,WH002,76,13,2023-06-23
P1080660,Surface Cleaner - Herbal,Oral Care,SUP40004,WH003,1681,363,2022-06-07
P5463101,Baby Wipes - Large,Personal Care,SUP40008,WH002,1830,210,2022-04-29
P1770613,Surface Cleaner - 1L,Kitchen Care,SUP40002,WH002,130,27,2023-02-22
P4047404,Floor Cleaner - Small,Personal Care,SUP40002,WH002,872,257,2023-02-20
P9376356,Floor Cleaner - Small,Laundry,SUP40006,WH008,288,51,2022-09-18
P0941266,Hair Spray - 1L,Personal Care,SUP40001,WH008,526,133,2022-03-25
P5245198,Dishwashing Gel - Large,Home Care,SUP40006,WH005,623,167,2022-04-16
P5154490,Laundry Detergent - 1L,Personal Care,SUP40001,WH002,315,78,2023-06-01
P9181511,Dental Floss - Large,Oral Care,SUP400010,WH005,1034,281,2022-04-02
P8383153,Shampoo - Lemon,Kitchen Care,SUP40009,WH001,1180,121,2023-03-22
P7622477,Surface Cleaner - Medium,Personal Care,SUP40007,WH007,959,102,2023-06-01
P9198768,Dental Floss - Large,Baby Care,SUP40009,WH006,122,22,2022-04-05
P2097384,Bleach - Small,Hair Care,SUP40005,WH003,686,179,2022-05-30
P0475644,Dishwashing Gel - 2L,Hair Care,SUP40004,WH002,748,182,2022-05-11
P6511125,Fabric Softener - 1L,Personal Care,SUP400010,WH009,349,80,2023-01-31
P7493739,Laundry Detergent - 500ml,Baby Care,SUP40002,WH002,228,23,2023-02-06
P6324734,Laundry Detergent - 2L,Personal Care,SUP40004,WH004,1833,302,2023-01-30
P4720633,Conditioner - Mint,Oral Care,SUP40001,WH005,1947,515,2023-04-10
P2173450,Surface Cleaner - 500ml,Personal Care,SUP400010,WH007,1931,281,2023-09-07
P6195097,Hair Spray - Herbal,Laundry,SUP40004,WH009,1531,211,2023-02-16
P3944156,Glass Cleaner - 2L,Kitchen Care,SUP40006,WH010,1288,280,2022-03-09
P6826265,Baby Diapers - Herbal,Baby Care,SUP40003,WH005,1250,317,2023-01-07
P6681305,Dental Floss - Aloe,Oral Care,SUP40006,WH001,452,51,2022-11-09
P9377954,Surface Cleaner - Aloe,Laundry,SUP40005,WH001,1890,223,2023-07-21
P8204086,Toilet Cleaner - 1L,Home Care,SUP40006,WH007,166,48,2022-03-10
P0341760,Detergent Liquid - Lemon,Baby Care,SUP40006,WH004,207,43,2023-02-15
P2249614,Hair Spray - Lemon,Laundry,SUP40003,WH004,442,87,2022-06-05
P1376580,Baby Lotion - Small,Home Care,SUP40002,WH002,1793,230,2023-03-21
P3083515,Shampoo - 2L,Home Care,SUP40007,WH008,1418,145,2022-09-26
P4912783,Hand Soap - Mint,Oral Care,SUP40008,WH002,1500,345,2022-05-17
P7904919,Toilet Cleaner - 1L,Hair Care,SUP400010,WH004,697,184,2022-03-16
P2668075,Conditioner - Large,Baby Care,SUP40004,WH005,778,104,2022-03-18
P9254632,Glass Cleaner - Lemon,Laundry,SUP400010,WH006,1359,189,2023-08-12
P8555325,Floor Cleaner - Medium,Hair Care,SUP40008,WH003,1466,404,2022-02-10
P3191445,Mouthwash - 2L,Baby Care,SUP40001,WH004,1630,282,2022-11-01
P1868583,Baby Diapers - Herbal,Laundry,SUP40008,WH009,488,74,2022-05-16
P5271518,Surface Cleaner - 2L,Laundry,SUP400010,WH008,1224,150,2022-12-02
P4035107,Floor Cleaner - Herbal,Personal Care,SUP40004,WH005,706,149,2022-03-15
P6748481,Baby Lotion - Mint,Personal Care,SUP40006,WH008,250,34,2022-03-01
P7567203,Dishwashing Gel - Lemon,Hair Care,SUP40005,WH002,1043,242,2022-02-12
P0371661,Mouthwash - Herbal,Kitchen Care,SUP40007,WH005,997,292,2022-05-12
P1061780,Shampoo - 1L,Oral Care,SUP40008,WH010,1530,283,2023-04-08
P3214863,Shampoo - Small,Hair Care,SUP40001,WH006,1519,189,2023-01-30
P5221552,Glass Cleaner - Aloe,Home Care,SUP40003,WH002,1186,195,2023-08-20
P0350428,Baby Diapers - Herbal,Laundry,SUP40005,WH007,420,84,2023-03-23
P7533793,Toothpaste - Small,Laundry,SUP40001,WH001,1701,342,2023-03-30
P3507441,Bleach - Lemon,Hair Care,SUP40002,WH009,1359,207,2022-04-28
P1963805,Dishwashing Gel - 1L,Oral Care,SUP40005,WH001,1763,400,2022-08-19
P4497088,Baby Wipes - Large,Kitchen Care,SUP40006,WH010,883,251,2022-01-13
P9398411,Glass Cleaner - Small,Baby Care,SUP40002,WH002,748,201,2022-10-04
P1712734,Baby Diapers - 2L,Home Care,SUP40001,WH009,847,118,2023-09-23
P2666748,Bleach - Large,Hair Care,SUP400010,WH005,1396,250,2022-12-22
P9328296,Toilet Cleaner - 500ml,Home Care,SUP40004,WH008,1456,316,2022-04-01
P9593693,Shampoo - Medium,Baby Care,SUP40003,WH008,1469,172,2022-02-18
P9056575,Mouthwash - Medium,Laundry,SUP40008,WH004,592,128,2022-09-27
P0947067,Baby Diapers - Lemon,Baby Care,SUP40001,WH006,1831,398,2022-08-18
P5460441,Fabric Softener - 2L,Home Care,SUP400010,WH008,1534,166,2023-05-11
P8147549,Glass Cleaner - 1L,Home Care,SUP40009,WH005,1082,176,2022-04-28
P5328432,Baby Diapers - Medium,Home Care,SUP40005,WH009,1368,173,2023-07-24
P8956784,Baby Lotion - 2L,Personal Care,SUP40009,WH010,823,192,2023-02-10
P6317910,Laundry Detergent - Aloe,Laundry,SUP40002,WH008,996,283,2022-01-19
P3090120,Shaving Cream - 2L,Oral Care,SUP40004,WH007,1756,321,2023-07-05
P6554353,Glass Cleaner - Lemon,Oral Care,SUP400010,WH004,484,135,2022-01-03
P3636208,Baby Lotion - 2L,Personal Care,SUP40008,WH005,1236,348,2023-08-27
P8821058,Dishwashing Gel - Small,Kitchen Care,SUP40001,WH007,1098,172,2023-06-17
P0978940,Shampoo - Mint,Baby Care,SUP40005,WH010,1438,273,2023-06-12
P6258922,Baby Diapers - 2L,Baby Care,SUP40008,WH009,139,40,2022-03-17
P4326064,Dishwashing Gel - Medium,Personal Care,SUP40006,WH005,1015,238,2023-01-24
P9621163,Toilet Cleaner - Mint,Oral Care,SUP40006,WH008,1072,197,2022-12-21
P1287162,Shaving Cream - Herbal,Kitchen Care,SUP40004,WH002,622,166,2022-03-03
P2005479,Dishwashing Gel - Aloe,Laundry,SUP40005,WH010,1320,355,2022-12-06
P2074979,Hand Soap - 2L,Home Care,SUP40003,WH002,1143,254,2023-03-23
P3999652,Bleach - Herbal,Kitchen Care,SUP40008,WH009,1094,181,2023-03-14
P7563335,Baby Wipes - Large,Hair Care,SUP40005,WH009,995,286,2022-03-31
P6489112,Detergent Liquid - Mint,Personal Care,SUP40008,WH001,1203,224,2023-08-28
P1238661,Toothpaste - Mint,Home Care,SUP40006,WH003,1714,340,2022-01-23
P7716315,Baby Wipes - Mint,Kitchen Care,SUP40008,WH009,306,80,2023-08-27
P0502134,Bleach - Small,Baby Care,SUP40004,WH001,548,55,2023-01-11
P5928062,Baby Lotion - Lemon,Kitchen Care,SUP40008,WH005,1108,165,2023-09-10
P0609663,Hair Spray - Large,Baby Care,SUP400010,WH006,1294,345,2023-05-27
P7062969,Surface Cleaner - Aloe,Laundry,SUP40005,WH002,1234,285,2023-01-26
P0975526,Baby Diapers - Medium,Home Care,SUP40005,WH008,1121,153,2022-09-16
P3034152,Shaving Cream - Aloe,Hair Care,SUP40004,WH006,187,49,2023-07-22
P9090122,Bleach - Mint,Home Care,SUP40009,WH010,1527,368,2022-07-01
P2350231,Shampoo - 2L,Kitchen Care,SUP40007,WH004,582,167,2023-06-16
P9627930,Bleach - Mint,Laundry,SUP40001,WH008,1203,137,2023-05-29
P8012136,Shampoo - 1L,Personal Care,SUP40005,WH001,65,17,2023-09-16
P9784501,Surface Cleaner - 1L,Kitchen Care,SUP40009,WH010,1929,560,2023-02-18
P1312018,Surface Cleaner - 500ml,Laundry,SUP40003,WH006,750,88,2023-04-25
P5435260,Floor Cleaner - Medium,Personal Care,SUP40002,WH005,1381,289,2023-09-29
P2443265,Glass Cleaner - 1L,Personal Care,SUP40002,WH001,210,45,2022-08-20
P2873075,Baby Lotion - Herbal,Kitchen Care,SUP40009,WH009,465,135,2023-05-23
P8263311,Detergent Liquid - Medium,Kitchen Care,SUP40002,WH010,756,190,2023-01-05
P1697268,Baby Lotion - 2L,Personal Care,SUP40002,WH008,1637,443,2022-11-23
P0562903,Shaving Cream - Small,Baby Care,SUP40002,WH010,510,129,2022-06-15
P7585131,Bleach - Large,Oral Care,SUP40003,WH007,709,138,2022-07-05
P3537564,Hand Soap - 2L,Laundry,SUP40009,WH001,780,153,2023-01-17
P9666578,Shampoo - 500ml,Laundry,SUP40006,WH010,623,125,2023-09-22
P0223000,Fabric Softener - Herbal,Home Care,SUP40002,WH008,1842,380,2022-06-03
P7288316,Baby Diapers - Medium,Kitchen Care,SUP40001,WH009,746,191,2023-09-23
P4658023,Surface Cleaner - 1L,Personal Care,SUP400010,WH005,1652,304,2022-03-08
P7504496,Floor Cleaner - Aloe,Kitchen Care,SUP40009,WH009,1659,436,2022-11-20
P0521913,Toilet Cleaner - Herbal,Oral Care,SUP40009,WH002,195,42,2023-09-13
P7537637,Toothpaste - Large,Laundry,SUP40006,WH003,815,195,2022-05-17
P6929954,Dental Floss - Mint,Personal Care,SUP40005,WH007,1830,518,2022-01-31
P3114502,Baby Wipes - Aloe,Home Care,SUP40004,WH007,1743,518,2022-03-28
P0603638,Hand Soap - Small,Oral Care,SUP40008,WH004,197,54,2023-03-15
P2499303,Hand Soap - Mint,Personal Care,SUP40001,WH004,564,61,2022-04-19
P0943596,Detergent Liquid - 1L,Home Care,SUP40006,WH006,366,40,2023-04-25
P8737025,Dental Floss - Lemon,Kitchen Care,SUP40008,WH003,1610,220,2022-03-10
P4771738,Floor Cleaner - Small,Hair Care,SUP40003,WH004,762,209,2022-02-16
P3377448,Dishwashing Gel - Mint,Hair Care,SUP40005,WH005,1849,185,2022-07-24
P7823008,Shaving Cream - Small,Laundry,SUP40002,WH005,113,28,2023-03-24
P6456577,Laundry Detergent - Small,Hair Care,SUP400010,WH002,1226,166,2022-05-03
P6628438,Hair Spray - Herbal,Laundry,SUP40004,WH007,908,193,2023-07-30
P1344934,Dental Floss - 2L,Kitchen Care,SUP40003,WH006,1925,260,2022-06-15
P4196724,Hair Spray - Aloe,Kitchen Care,SUP40007,WH010,1106,330,2022-03-15
P1423985,Shaving Cream - Lemon,Kitchen Care,SUP40001,WH004,1847,548,2023-09-14
P3081711,Laundry Detergent - Large,Baby Care,SUP40008,WH003,574,79,2022-11-26
P2345614,Baby Lotion - Medium,Oral Care,SUP40005,WH007,91,12,2022-03-18
P1591192,Bleach - Medium,Oral Care,SUP40002,WH002,409,55,2023-05-20
P7083148,Baby Lotion - Medium,Kitchen Care,SUP40003,WH008,1436,327,2023-04-21
P8938194,Hand Soap - Herbal,Personal Care,SUP40005,WH003,1793,188,2023-01-22
P0540645,Dental Floss - Lemon,Oral Care,SUP40009,WH008,950,178,2022-03-30
P6542291,Floor Cleaner - Herbal,Kitchen Care,SUP40003,WH008,805,170,2023-07-11
P6688658,Baby Diapers - Herbal,Oral Care,SUP40009,WH006,585,158,2022-06-27
P4560927,Bleach - Medium,Personal Care,SUP40003,WH002,675,201,2022-11-06
P8881578,Baby Lotion - Small,Home Care,SUP40009,WH007,64,9,2022-03-24
P5332447,Baby Wipes - Mint,Personal Care,SUP40006,WH010,1288,145,2023-01-16
P1523644,Dishwashing Gel - Herbal,Oral Care,SUP40009,WH009,1385,167,2022-05-10
P5584486,Shampoo - Small,Laundry,SUP40005,WH006,1902,210,2022-10-03
P1777677,Glass Cleaner - Medium,Laundry,SUP40007,WH008,690,138,2022-11-29
P2826962,Shaving Cream - 500ml,Oral Care,SUP400010,WH006,652,114,2022-09-06
P2168461,Mouthwash - Mint,Laundry,SUP40009,WH002,189,33,2022-04-03
P0337111,Bleach - Medium,Oral Care,SUP40009,WH007,1537,449,2022-02-09
P4553654,Surface Cleaner - Mint,Laundry,SUP40007,WH010,746,102,2022-09-26
P8686599,Laundry Detergent - Lemon,Oral Care,SUP400010,WH008,574,70,2023-04-17
P7076340,Glass Cleaner - Small,Kitchen Care,SUP40002,WH004,1810,431,2023-01-10
P8496276,Baby Lotion - 500ml,Home Care,SUP40009,WH002,1197,286,2023-07-19
P0107377,Laundry Detergent - Large,Laundry,SUP40005,WH010,1603,211,2023-05-28
P4025790,Shaving Cream - Medium,Laundry,SUP40002,WH006,1485,158,2022-04-09
P1276653,Glass Cleaner - Herbal,Laundry,SUP40005,WH003,1916,495,2023-01-17
P9160385,Conditioner - Aloe,Hair Care,SUP40003,WH010,321,72,2023-02-20
P1989129,Shampoo - Small,Personal Care,SUP40004,WH001,450,101,2022-03-26
P6873128,Mouthwash - Herbal,Laundry,SUP40003,WH007,749,174,2022-08-25
P2165536,Floor Cleaner - Lemon,Personal Care,SUP40007,WH008,1637,436,2022-04-07
P8115084,Mouthwash - Herbal,Baby Care,SUP40009,WH009,1049,268,2022-08-27
P4026362,Shaving Cream - Aloe,Hair Care,SUP40006,WH009,1378,379,2022-02-14
P6392243,Shampoo - 1L,Home Care,SUP40002,WH008,126,24,2022-11-20
P8841205,Surface Cleaner - Herbal,Laundry,SUP40009,WH009,1201,128,2022-04-25
P0769792,Dental Floss - Small,Oral Care,SUP40003,WH004,1885,539,2022-10-16
P4419875,Shaving Cream - Lemon,Personal Care,SUP40009,WH006,1189,315,2022-10-18
P1521990,Fabric Softener - Herbal,Laundry,SUP40001,WH005,928,171,2023-09-05
P1987762,Shampoo - Herbal,Hair Care,SUP40005,WH001,491,108,2023-03-09
P7320419,Toilet Cleaner - Mint,Hair Care,SUP40006,WH002,736,97,2023-05-19
P7735495,Floor Cleaner - 2L,Laundry,SUP400010,WH001,314,49,2022-02-13
P7259392,Baby Diapers - Mint,Laundry,SUP40004,WH004,238,54,2023-02-05
P9169071,Toothpaste - Aloe,Home Care,SUP40003,WH009,975,234,2023-08-24
P6073154,Fabric Softener - 1L,Laundry,SUP40003,WH009,1392,250,2023-09-13
P2853260,Toothpaste - 500ml,Laundry,SUP40004,WH001,500,126,2022-12-23
P6370685,Baby Wipes - Small,Home Care,SUP40003,WH005,1512,282,2022-08-16
P2624557,Baby Diapers - Large,Personal Care,SUP40009,WH009,1429,234,2022-02-12
P7058218,Fabric Softener - 1L,Hair Care,SUP40001,WH002,456,75,2023-01-05
P2475027,Bleach - Medium,Baby Care,SUP40004,WH008,657,114,2023-01-22
P1770944,Hand Soap - Lemon,Oral Care,SUP40007,WH008,110,25,2022-09-03
P6904429,Dishwashing Gel - Large,Home Care,SUP40005,WH009,985,226,2023-03-30
P4152526,Baby Wipes - Large,Laundry,SUP40005,WH001,484,50,2022-05-08
P9780950,Laundry Detergent - 500ml,Oral Care,SUP40005,WH001,569,60,2023-02-10
P0991234,Hair Spray - Aloe,Oral Care,SUP40008,WH008,320,82,2023-03-12
P8538507,Fabric Softener - 500ml,Home Care,SUP400010,WH008,582,107,2023-06-12
P1172549,Glass Cleaner - Small,Kitchen Care,SUP40005,WH010,932,146,2022-03-05
P5128881,Hair Spray - 500ml,Baby Care,SUP400010,WH006,855,190,2023-09-28
P9916302,Shampoo - Lemon,Kitchen Care,SUP40003,WH003,742,144,2022-03-13
P3441234,Shaving Cream - 500ml,Personal Care,SUP400010,WH002,1575,275,2022-12-14
P0914081,Baby Diapers - Small,Home Care,SUP40006,WH009,1020,194,2022-04-21
P5106752,Detergent Liquid - 1L,Kitchen Care,SUP40009,WH006,995,100,2023-03-24
P5467500,Detergent Liquid - 2L,Home Care,SUP40003,WH006,560,148,2022-06-27
P1096246,Dental Floss - Herbal,Oral Care,SUP40002,WH004,318,57,2022-07-30
P0756122,Laundry Detergent - Medium,Oral Care,SUP40003,WH002,374,70,2022-10-09
P9251122,Dishwashing Gel - 1L,Laundry,SUP40003,WH006,1321,395,2022-07-15
P9561056,Fabric Softener - Large,Personal Care,SUP40002,WH009,260,68,2022-04-20
P8378582,Fabric Softener - Lemon,Home Care,SUP400010,WH008,1607,343,2022-09-18
P4069528,Shampoo - Medium,Hair Care,SUP40009,WH008,817,103,2022-11-03
P3320219,Baby Wipes - Aloe,Personal Care,SUP40006,WH010,1255,281,2022-01-17
P6848229,Mouthwash - Lemon,Baby Care,SUP400010,WH010,443,104,2022-11-15
P0795466,Toilet Cleaner - 500ml,Hair Care,SUP40006,WH006,830,110,2022-03-14
P0500746,Dishwashing Gel - Medium,Oral Care,SUP40003,WH010,1063,271,2023-02-03
P8221406,Dishwashing Gel - Medium,Personal Care,SUP40009,WH008,1077,135,2022-02-08
P7182990,Dishwashing Gel - 1L,Baby Care,SUP40003,WH008,1285,360,2023-01-10
P2647284,Hand Soap - Medium,Laundry,SUP400010,WH008,917,241,2022-08-30
P4977618,Floor Cleaner - 2L,Hair Care,SUP40008,WH002,1746,511,2022-12-04
P0269338,Detergent Liquid - 1L,Personal Care,SUP40007,WH007,448,100,2022-08-24
P6225639,Hair Spray - Lemon,Hair Care,SUP40007,WH008,150,22,2023-05-28
P3499441,Toothpaste - 1L,Laundry,SUP40003,WH007,661,85,2023-02-14
P1604074,Dental Floss - Small,Home Care,SUP40007,WH006,1981,249,2023-07-31
P5221281,Mouthwash - 2L,Oral Care,SUP40004,WH001,1591,407,2022-08-03
P7988513,Shampoo - Herbal,Laundry,SUP40003,WH005,837,213,2023-05-23
P3894200,Toilet Cleaner - 2L,Kitchen Care,SUP40009,WH007,1195,240,2022-10-07
P4971761,Fabric Softener - Small,Hair Care,SUP40001,WH005,1492,188,2023-07-04
P5631128,Conditioner - Mint,Home Care,SUP40008,WH005,430,99,2022-05-16
P0577457,Surface Cleaner - 1L,Hair Care,SUP40006,WH006,1229,270,2022-10-13
P3727741,Mouthwash - Small,Hair Care,SUP40002,WH010,419,102,2023-03-24
P7222714,Bleach - Large,Hair Care,SUP40006,WH005,791,93,2022-08-21
P2184200,Shaving Cream - 500ml,Personal Care,SUP40005,WH010,1626,444,2023-08-17
P7625782,Detergent Liquid - Lemon,Kitchen Care,SUP40008,WH006,197,28,2023-02-21
P6529424,Laundry Detergent - Lemon,Kitchen Care,SUP40006,WH001,477,109,2022-05-22
P1945660,Mouthwash - Small,Laundry,SUP40007,WH009,143,28,2022-05-22
P3121614,Hair Spray - Medium,Laundry,SUP40004,WH003,948,193,2022-12-30
P4957351,Dishwashing Gel - Lemon,Kitchen Care,SUP40003,WH007,810,156,2022-06-08
P1016013,Fabric Softener - Large,Laundry,SUP40006,WH007,1060,219,2023-01-07
P0512251,Fabric Softener - 2L,Baby Care,SUP40006,WH008,1152,222,2023-09-24
P6064607,Hand Soap - 1L,Hair Care,SUP40003,WH001,66,11,2022-07-21
P1341987,Baby Wipes - Large,Oral Care,SUP40008,WH008,532,65,2023-04-27
P4363934,Hair Spray - 500ml,Hair Care,SUP40005,WH004,1032,286,2023-06-06
P7397633,Dishwashing Gel - Medium,Oral Care,SUP40003,WH004,1288,256,2022-12-12
P9253343,Bleach - Lemon,Oral Care,SUP40003,WH004,1529,402,2022-12-16
P3379488,Baby Diapers - Herbal,Personal Care,SUP40005,WH009,920,238,2022-09-26
P2258214,Conditioner - 1L,Kitchen Care,SUP40006,WH004,816,239,2022-08-12
P4349148,Baby Wipes - Large,Home Care,SUP40003,WH010,1695,372,2022-01-17
P3865731,Toothpaste - 1L,Oral Care,SUP40003,WH002,210,53,2023-02-27
P2475316,Hand Soap - Medium,Oral Care,SUP40006,WH009,1948,196,2022-12-31
P8729404,Floor Cleaner - Herbal,Oral Care,SUP40008,WH002,1335,158,2023-05-09
P0431792,Conditioner - Small,Home Care,SUP40005,WH004,1176,153,2023-03-22
P5012055,Toothpaste - Mint,Kitchen Care,SUP40008,WH008,871,202,2023-03-29
P1196534,Surface Cleaner - Mint,Hair Care,SUP40007,WH006,1675,179,2023-06-15
P2375463,Glass Cleaner - Large,Hair Care,SUP40007,WH008,847,99,2022-10-17
P5927016,Baby Wipes - Large,Home Care,SUP40005,WH004,1256,243,2022-10-26
P1913046,Hand Soap - 500ml,Personal Care,SUP40005,WH004,1490,203,2022-05-03
P5686119,Toothpaste - Aloe,Oral Care,SUP40001,WH009,1555,433,2022-11-16
P9485407,Detergent Liquid - Mint,Hair Care,SUP40007,WH009,614,161,2022-05-08
P6980662,Hand Soap - Large,Hair Care,SUP400010,WH006,1002,241,2023-06-27
P0100806,Fabric Softener - Large,Oral Care,SUP40009,WH008,1595,253,2023-04-19
P4123356,Baby Lotion - Mint,Oral Care,SUP40008,WH003,670,96,2022-03-03
P0359580,Fabric Softener - Lemon,Personal Care,SUP40003,WH009,1015,180,2023-05-31
P1083731,Hair Spray - Aloe,Oral Care,SUP40007,WH007,683,93,2022-08-21
P2155967,Dental Floss - Large,Kitchen Care,SUP400010,WH010,258,56,2022-12-03
P3819351,Glass Cleaner - Medium,Oral Care,SUP40001,WH007,1462,229,2022-10-09
P1227475,Shaving Cream - Medium,Home Care,SUP40005,WH005,685,154,2022-04-21
P7424258,Glass Cleaner - Aloe,Hair Care,SUP40008,WH004,328,80,2022-11-29
P2437139,Toothpaste - 1L,Baby Care,SUP40009,WH009,1707,335,2022-02-21
P0742940,Baby Lotion - Mint,Laundry,SUP40003,WH006,1819,381,2023-06-21
P3062233,Fabric Softener - 500ml,Laundry,SUP40009,WH006,600,134,2023-08-07
P7659780,Baby Wipes - Herbal,Hair Care,SUP40002,WH010,427,118,2023-09-04
P0635255,Laundry Detergent - Lemon,Personal Care,SUP40007,WH005,868,119,2023-02-13
P1453055,Baby Lotion - Mint,Oral Care,SUP40008,WH001,382,51,2022-09-22
P8577912,Hair Spray - Herbal,Oral Care,SUP40001,WH008,200,23,2022-04-08
P4377308,Dental Floss - Lemon,Oral Care,SUP40006,WH003,114,30,2022-06-17
P3843213,Shampoo - 1L,Personal Care,SUP40007,WH002,621,167,2022-03-08
P2892147,Baby Wipes - Aloe,Hair Care,SUP40008,WH002,1475,400,2022-08-22
P1688039,Surface Cleaner - Small,Oral Care,SUP40002,WH006,684,132,2023-09-20
P4661118,Shaving Cream - Small,Oral Care,SUP40002,WH005,790,217,2022-04-05
P8368486,Shaving Cream - 1L,Hair Care,SUP40001,WH004,1383,277,2022-02-22
P4268351,Toilet Cleaner - Herbal,Home Care,SUP40004,WH002,1522,291,2023-05-09
P8556866,Toothpaste - 1L,Baby Care,SUP40001,WH008,1381,263,2022-10-02
P0819634,Floor Cleaner - Herbal,Baby Care,SUP40006,WH008,521,64,2022-11-22
P9598387,Toilet Cleaner - Lemon,Hair Care,SUP40002,WH010,531,127,2022-12-11
P0878986,Dishwashing Gel - Lemon,Baby Care,SUP40005,WH001,1875,353,2022-01-06
P6289625,Mouthwash - 2L,Hair Care,SUP40007,WH009,277,32,2022-11-13
P6846810,Laundry Detergent - 2L,Baby Care,SUP40004,WH001,1161,327,2022-06-19
P3257648,Baby Lotion - Lemon,Laundry,SUP40003,WH009,519,88,2022-04-03
P6731294,Mouthwash - Large,Personal Care,SUP400010,WH002,1700,317,2022-08-13
P9845578,Hair Spray - Mint,Kitchen Care,SUP40003,WH004,1523,361,2023-07-28
P6472193,Floor Cleaner - Large,Baby Care,SUP40009,WH008,1202,276,2022-09-15
P0487052,Toilet Cleaner - 2L,Kitchen Care,SUP40008,WH005,182,47,2023-01-22
P9297405,Floor Cleaner - Mint,Hair Care,SUP40004,WH007,556,109,2022-07-06
P4678776,Shaving Cream - Aloe,Kitchen Care,SUP40007,WH008,1152,226,2023-08-05
P2026009,Fabric Softener - Mint,Home Care,SUP40005,WH001,383,94,2022-09-08
P2858924,Hair Spray - 500ml,Laundry,SUP40009,WH010,150,24,2022-02-26
P8037428,Detergent Liquid - Lemon,Laundry,SUP40001,WH010,151,25,2022-01-17
P2227560,Toothpaste - 2L,Oral Care,SUP40007,WH003,389,114,2023-08-30
P5778805,Hand Soap - Small,Hair Care,SUP40003,WH001,1203,250,2023-09-17
P1320428,Baby Lotion - Large,Oral Care,SUP40007,WH001,1716,415,2022-08-08
P5181357,Baby Lotion - Aloe,Home Care,SUP40006,WH007,828,239,2023-06-27
P1999658,Glass Cleaner - Large,Hair Care,SUP40002,WH002,1821,315,2023-08-19
P0197244,Bleach - Mint,Oral Care,SUP40009,WH001,620,136,2023-09-22
P3051140,Bleach - Large,Hair Care,SUP400010,WH007,1228,313,2022-02-28
P9309528,Conditioner - 2L,Kitchen Care,SUP40004,WH003,381,41,2023-04-04
P8178159,Mouthwash - Large,Home Care,SUP40008,WH001,359,49,2022-01-02
P0155065,Toothpaste - 500ml,Kitchen Care,SUP40003,WH001,1754,415,2022-01-31
P9441467,Toothpaste - Lemon,Laundry,SUP40009,WH010,1084,284,2022-06-19
P0911004,Shampoo - 500ml,Oral Care,SUP40009,WH008,846,123,2023-05-16
P1488506,Shaving Cream - Mint,Hair Care,SUP40008,WH009,1548,236,2023-02-21
P7960815,Shampoo - Large,Oral Care,SUP40008,WH003,889,244,2022-06-05
P7289224,Toilet Cleaner - 2L,Baby Care,SUP40001,WH005,873,243,2023-05-28
P8743238,Laundry Detergent - Mint,Home Care,SUP40006,WH002,343,42,2023-01-06
P8861043,Hair Spray - Herbal,Personal Care,SUP400010,WH003,1112,176,2023-02-04
P1459555,Detergent Liquid - Aloe,Hair Care,SUP40004,WH010,314,32,2023-04-20
P5828242,Fabric Softener - 2L,Kitchen Care,SUP40002,WH008,748,139,2022-08-09
P4460512,Toilet Cleaner - 2L,Oral Care,SUP40003,WH002,944,126,2023-03-08
P7620795,Fabric Softener - Mint,Personal Care,SUP40006,WH003,1717,428,2022-04-11
P5396374,Shaving Cream - 1L,Personal Care,SUP40006,WH008,869,203,2022-11-20
P6560948,Mouthwash - Medium,Laundry,SUP40005,WH005,144,26,2023-01-06
P2918328,Detergent Liquid - Herbal,Kitchen Care,SUP40006,WH005,1902,536,2022-02-18
P0076990,Hair Spray - 2L,Laundry,SUP400010,WH005,289,72,2023-02-20
P8423051,Dental Floss - 500ml,Home Care,SUP40008,WH008,708,181,2023-01-01
P1759629,Detergent Liquid - Lemon,Oral Care,SUP40006,WH009,1421,176,2022-09-11
P8084925,Toothpaste - 1L,Oral Care,SUP400010,WH007,322,72,2022-02-16
P1642602,Baby Wipes - 500ml,Kitchen Care,SUP40006,WH002,85,14,2023-09-29
P7071939,Surface Cleaner - 500ml,Oral Care,SUP40005,WH005,1996,537,2022-03-27
P6151933,Mouthwash - Aloe,Baby Care,SUP40009,WH003,992,279,2022-02-16
P4552088,Shampoo - 500ml,Personal Care,SUP40004,WH005,148,37,2023-09-20
P0374119,Hand Soap - Medium,Hair Care,SUP40004,WH006,1024,219,2022-11-19
P5532200,Surface Cleaner - Mint,Personal Care,SUP40003,WH008,393,101,2022-08-04
P5048149,Toothpaste - Herbal,Laundry,SUP40008,WH003,659,102,2023-07-04
P0204487,Mouthwash - Medium,Baby Care,SUP400010,WH006,1106,172,2022-08-30
P1870299,Bleach - Herbal,Hair Care,SUP40001,WH010,189,31,2022-09-27
P9635777,Toilet Cleaner - Medium,Home Care,SUP40008,WH010,1913,258,2023-02-06
P8240138,Laundry Detergent - Lemon,Personal Care,SUP40006,WH003,1429,359,2023-01-13
P3848293,Shaving Cream - Aloe,Hair Care,SUP40005,WH009,684,202,2023-06-06
P1869108,Mouthwash - 2L,Hair Care,SUP40005,WH001,935,174,2022-06-17
P0884443,Detergent Liquid - 1L,Baby Care,SUP40003,WH006,1779,449,2022-07-15
P8029905,Baby Diapers - Medium,Kitchen Care,SUP40006,WH001,1691,364,2022-01-07
P0932988,Baby Wipes - Large,Hair Care,SUP400010,WH005,1269,346,2023-05-13
P1342026,Baby Wipes - Lemon,Oral Care,SUP40005,WH006,1536,155,2023-08-29
P5698372,Mouthwash - Herbal,Personal Care,SUP40009,WH007,1272,338,2022-11-29
P5331893,Detergent Liquid - Medium,Oral Care,SUP40008,WH002,1940,397,2023-09-29
P7085870,Bleach - Aloe,Hair Care,SUP40006,WH010,1117,214,2023-03-06
P2266354,Dishwashing Gel - Lemon,Home Care,SUP40003,WH008,1849,518,2022-10-30
P4448093,Shaving Cream - Mint,Personal Care,SUP40002,WH004,1198,262,2023-01-27
P9671811,Hand Soap - Lemon,Hair Care,SUP400010,WH008,649,157,2022-03-10
P2838014,Dental Floss - Mint,Oral Care,SUP40007,WH004,1209,322,2023-04-09
P7552959,Shampoo - Aloe,Laundry,SUP40002,WH010,1522,184,2022-01-24
P0029532,Toothpaste - Large,Hair Care,SUP40005,WH007,836,209,2022-01-14
P5587393,Toilet Cleaner - Large,Hair Care,SUP40006,WH008,132,38,2022-05-30
P1768683,Toothpaste - Herbal,Laundry,SUP40003,WH007,1838,213,2022-04-16
P8532852,Toilet Cleaner - Small,Oral Care,SUP40004,WH010,1190,301,2022-02-13
P1154435,Dental Floss - Lemon,Home Care,SUP400010,WH004,85,18,2022-12-12
P4938518,Baby Diapers - Small,Baby Care,SUP40002,WH009,557,91,2023-06-17
P1199782,Toilet Cleaner - Small,Kitchen Care,SUP40008,WH003,462,46,2022-05-21
P7918290,Baby Wipes - Large,Baby Care,SUP40004,WH004,559,152,2022-12-10
P4392433,Glass Cleaner - Medium,Oral Care,SUP40002,WH009,95,25,2022-04-14
P9070417,Glass Cleaner - 1L,Oral Care,SUP40001,WH007,745,142,2023-01-10
P8536537,Surface Cleaner - Mint,Hair Care,SUP40009,WH010,1458,172,2022-05-29
P2185289,Laundry Detergent - 500ml,Hair Care,SUP40008,WH001,1310,252,2022-06-12
P4650555,Mouthwash - 500ml,Personal Care,SUP40006,WH010,1102,110,2022-02-10
P3189481,Surface Cleaner - 500ml,Laundry,SUP40003,WH005,543,125,2022-12-18
P0901189,Floor Cleaner - Mint,Laundry,SUP400010,WH006,267,64,2023-08-26
P0961883,Baby Diapers - Aloe,Oral Care,SUP40004,WH009,1138,182,2022-11-05
P8702852,Dental Floss - 2L,Kitchen Care,SUP40002,WH003,925,120,2023-03-26
P1408003,Shampoo - 2L,Oral Care,SUP40008,WH001,1807,454,2022-09-05
P8283878,Hand Soap - Herbal,Oral Care,SUP40007,WH002,156,26,2022-01-15
P1065284,Shampoo - Mint,Oral Care,SUP40002,WH009,191,39,2022-06-18
P1488457,Floor Cleaner - 500ml,Laundry,SUP40009,WH004,753,127,2023-01-10
P0463610,Floor Cleaner - 500ml,Oral Care,SUP40007,WH006,573,153,2023-03-22
P0684405,Glass Cleaner - Aloe,Home Care,SUP40006,WH002,1056,266,2023-02-11
P2306030,Baby Lotion - Large,Baby Care,SUP40008,WH006,1822,210,2023-08-31
P1894001,Surface Cleaner - 500ml,Hair Care,SUP40003,WH002,1687,294,2023-04-04
P0723273,Hand Soap - Lemon,Baby Care,SUP40008,WH004,477,51,2023-01-09
P1280387,Detergent Liquid - Herbal,Oral Care,SUP40009,WH002,1593,346,2023-04-17
P7132097,Surface Cleaner - Herbal,Oral Care,SUP40009,WH001,1067,167,2022-03-04
P9794059,Laundry Detergent - 2L,Hair Care,SUP40009,WH004,1028,108,2022-12-19
P8708216,Baby Lotion - Herbal,Hair Care,SUP400010,WH006,1456,402,2022-01-30
P9491934,Surface Cleaner - 1L,Personal Care,SUP40006,WH010,1110,122,2022-08-19
P6928153,Floor Cleaner - Medium,Laundry,SUP40007,WH010,455,90,2023-04-27
P9032144,Hair Spray - Herbal,Kitchen Care,SUP40006,WH009,567,167,2023-07-31
P2351733,Toothpaste - 2L,Personal Care,SUP40006,WH004,101,18,2023-05-26
P3467596,Laundry Detergent - Herbal,Home Care,SUP40006,WH009,595,117,2023-09-26
P8022016,Baby Diapers - 500ml,Personal Care,SUP400010,WH009,1525,345,2022-12-20
P4341579,Dishwashing Gel - Medium,Kitchen Care,SUP40007,WH002,1902,281,2023-01-24
P6651218,Toothpaste - 500ml,Personal Care,SUP40007,WH010,617,84,2022-11-29
P2589515,Dishwashing Gel - Large,Home Care,SUP40007,WH005,1665,444,2022-08-24
P9405543,Fabric Softener - 1L,Home Care,SUP40003,WH010,1258,370,2023-04-26
P2021517,Toilet Cleaner - Aloe,Oral Care,SUP40003,WH004,1223,356,2023-02-01
P4260945,Laundry Detergent - 500ml,Hair Care,SUP40004,WH005,56,7,2022-04-05
P3159998,Baby Diapers - Aloe,Kitchen Care,SUP40004,WH001,1543,355,2022-09-11
P7654875,Baby Lotion - Mint,Kitchen Care,SUP400010,WH001,1798,397,2022-12-18
P5203102,Baby Lotion - Small,Baby Care,SUP40002,WH008,338,48,2022-07-23
P2097176,Laundry Detergent - Large,Hair Care,SUP40008,WH001,805,157,2023-03-25
P7685446,Baby Wipes - Aloe,Kitchen Care,SUP40004,WH007,643,170,2023-06-23
P6849252,Baby Diapers - Herbal,Oral Care,SUP40003,WH001,1255,223,2023-03-18
P4281037,Mouthwash - Mint,Home Care,SUP40008,WH005,1288,204,2022-07-07
P1060627,Hand Soap - Herbal,Hair Care,SUP40005,WH004,1208,228,2023-06-26
P1464916,Baby Diapers - 2L,Oral Care,SUP40001,WH006,846,224,2023-03-22
P2345123,Mouthwash - 1L,Laundry,SUP40001,WH010,373,111,2022-06-29
P6142114,Hair Spray - 1L,Laundry,SUP400010,WH003,99,19,2022-01-12
P5345335,Shaving Cream - Aloe,Kitchen Care,SUP40002,WH009,566,102,2022-02-11
P1003360,Hand Soap - Large,Laundry,SUP40003,WH010,1697,475,2023-01-01
P4783830,Bleach - Herbal,Kitchen Care,SUP40002,WH009,186,49,2023-01-11
P8695031,Glass Cleaner - Mint,Personal Care,SUP40003,WH010,1360,144,2022-06-02
P3429451,Hair Spray - Small,Personal Care,SUP40002,WH008,1624,407,2023-02-06
P9423829,Detergent Liquid - Mint,Home Care,SUP40004,WH001,1434,407,2022-10-10
P7351977,Glass Cleaner - Mint,Baby Care,SUP40001,WH009,1394,322,2022-07-28
P5305708,Baby Wipes - Aloe,Oral Care,SUP40009,WH008,579,73,2023-04-08
P4089558,Mouthwash - 2L,Personal Care,SUP40006,WH004,293,57,2023-03-12
P6388383,Toilet Cleaner - Medium,Personal Care,SUP40005,WH009,622,173,2022-07-28
P1566629,Detergent Liquid - Small,Kitchen Care,SUP40002,WH004,784,221,2023-06-22
P9489899,Dishwashing Gel - Herbal,Laundry,SUP40006,WH004,1421,271,2022-03-12
P5813817,Floor Cleaner - Large,Baby Care,SUP40006,WH009,210,40,2022-06-04
P7357435,Hair Spray - 500ml,Personal Care,SUP40002,WH009,1101,287,2022-08-06
P3691806,Detergent Liquid - Small,Hair Care,SUP40006,WH002,744,198,2022-03-04
P2952354,Toilet Cleaner - Large,Kitchen Care,SUP40007,WH010,1374,181,2023-09-23
P1609773,Hand Soap - Mint,Home Care,SUP40009,WH006,1864,428,2022-11-08
P9724449,Fabric Softener - Lemon,Kitchen Care,SUP40009,WH005,425,77,2022-08-25
P0850476,Baby Wipes - 2L,Baby Care,SUP40009,WH005,1016,219,2023-04-01
P2444881,Dishwashing Gel - Aloe,Baby Care,SUP40009,WH001,1042,306,2022-08-23
P7348383,Glass Cleaner - 2L,Home Care,SUP40009,WH007,328,39,2023-08-26
P6217549,Toilet Cleaner - Aloe,Kitchen Care,SUP40001,WH005,807,157,2022-01-11
P8046090,Baby Wipes - 500ml,Oral Care,SUP40002,WH010,659,139,2023-01-04
P2003894,Mouthwash - Lemon,Oral Care,SUP40002,WH002,1444,239,2022-12-18
P4344975,Surface Cleaner - Large,Kitchen Care,SUP40008,WH001,1145,337,2022-08-09
P0483742,Baby Wipes - Lemon,Laundry,SUP40007,WH003,434,47,2022-11-17
P5019562,Baby Wipes - Large,Hair Care,SUP40003,WH006,1127,198,2023-05-30
P2636649,Bleach - 1L,Hair Care,SUP400010,WH005,1420,163,2023-01-04
P8989389,Floor Cleaner - Lemon,Personal Care,SUP40002,WH004,547,113,2022-09-11
P8624673,Detergent Liquid - Mint,Kitchen Care,SUP40001,WH004,1287,362,2023-02-18
P2805931,Hand Soap - Medium,Hair Care,SUP40004,WH002,1900,275,2023-01-23
P7717810,Glass Cleaner - Large,Home Care,SUP400010,WH005,1293,199,2023-05-31
P7908030,Hair Spray - Aloe,Home Care,SUP40001,WH004,1831,392,2022-08-20
P8352036,Bleach - Large,Home Care,SUP40005,WH008,1672,304,2023-03-20
P6206388,Baby Wipes - 500ml,Laundry,SUP40001,WH007,1427,323,2023-04-23
P5865103,Baby Wipes - Mint,Home Care,SUP40009,WH005,1824,354,2022-12-25
P7784776,Bleach - Large,Hair Care,SUP40005,WH009,1798,294,2022-05-22
P4480820,Laundry Detergent - Lemon,Baby Care,SUP40006,WH001,85,13,2023-03-25
P9094416,Mouthwash - 1L,Laundry,SUP40008,WH002,400,64,2022-01-08
P5975076,Toothpaste - Aloe,Kitchen Care,SUP40008,WH006,1990,411,2022-12-05
P0796902,Floor Cleaner - 1L,Personal Care,SUP40008,WH007,64,7,2022-07-16
P8903505,Hand Soap - Large,Laundry,SUP40002,WH009,1129,262,2022-08-24
P6513224,Detergent Liquid - Herbal,Laundry,SUP400010,WH003,1891,465,2022-12-20
P8936821,Hand Soap - Lemon,Baby Care,SUP40004,WH007,1036,238,2022-04-05
P6670016,Fabric Softener - Large,Kitchen Care,SUP40005,WH009,1860,298,2023-04-16
P7788223,Bleach - 2L,Baby Care,SUP40009,WH004,550,84,2023-04-10
P1401516,Baby Wipes - 500ml,Personal Care,SUP40002,WH007,362,108,2023-01-29
P8560279,Floor Cleaner - Mint,Home Care,SUP40002,WH001,194,34,2023-08-01
P3061413,Dishwashing Gel - Small,Home Care,SUP40001,WH004,1961,260,2023-05-03
P4230462,Dishwashing Gel - 2L,Oral Care,SUP40005,WH010,1762,470,2023-07-04
P3805299,Bleach - Aloe,Oral Care,SUP40004,WH002,1341,352,2022-04-01
P6838080,Fabric Softener - Small,Oral Care,SUP400010,WH007,1622,337,2023-06-26
P3464969,Surface Cleaner - Lemon,Home Care,SUP40006,WH006,1624,319,2023-05-29
P3628389,Detergent Liquid - Lemon,Laundry,SUP40002,WH008,1404,183,2023-06-27
P8957561,Baby Lotion - 500ml,Kitchen Care,SUP40003,WH002,435,93,2022-12-03
P3071673,Dishwashing Gel - 500ml,Hair Care,SUP40005,WH008,1147,190,2023-05-23
P9720251,Baby Lotion - Lemon,Personal Care,SUP40004,WH009,1722,269,2022-12-28
P5892216,Bleach - 2L,Hair Care,SUP400010,WH010,499,134,2023-06-30
P3879846,Baby Lotion - Medium,Hair Care,SUP40001,WH003,725,188,2023-09-13
P0165784,Hair Spray - 500ml,Home Care,SUP40003,WH004,436,59,2022-05-07
P7251269,Baby Lotion - Medium,Hair Care,SUP40007,WH009,949,106,2023-07-07
P9302945,Detergent Liquid - Aloe,Kitchen Care,SUP40007,WH002,1624,204,2022-04-06
P6736516,Surface Cleaner - Large,Personal Care,SUP40009,WH005,50,8,2022-07-02
P2162272,Bleach - Herbal,Personal Care,SUP40008,WH005,955,239,2023-02-20
P9953270,Surface Cleaner - Medium,Home Care,SUP40008,WH009,1195,329,2022-08-01
P7196345,Fabric Softener - Medium,Hair Care,SUP40005,WH001,1311,166,2022-07-22
P4068419,Dishwashing Gel - 500ml,Laundry,SUP40003,WH007,1754,320,2022-11-16
P7578672,Dental Floss - Lemon,Laundry,SUP40002,WH003,1940,282,2023-03-13
P6317200,Hand Soap - Herbal,Baby Care,SUP40007,WH009,865,194,2022-08-07
P9002210,Hair Spray - Herbal,Baby Care,SUP40007,WH004,819,186,2023-01-23
P8462708,Laundry Detergent - Large,Hair Care,SUP40005,WH004,117,22,2023-09-11
P6309000,Laundry Detergent - 1L,Home Care,SUP40001,WH003,850,207,2023-03-04
P3171692,Baby Diapers - 1L,Personal Care,SUP40008,WH001,1079,274,2022-09-22
P6985080,Dental Floss - 2L,Personal Care,SUP40009,WH009,487,123,2023-04-23
P9999893,Dishwashing Gel - 1L,Personal Care,SUP40001,WH010,203,55,2023-09-13
P0997067,Baby Lotion - Medium,Kitchen Care,SUP400010,WH010,816,143,2022-10-21
P9316862,Bleach - Aloe,Home Care,SUP400010,WH008,905,254,2022-07-23
P7257352,Baby Diapers - Lemon,Personal Care,SUP40006,WH001,1834,373,2023-03-01
P6918467,Laundry Detergent - Mint,Personal Care,SUP40001,WH008,1833,298,2023-05-29
P5592242,Shaving Cream - Small,Personal Care,SUP40002,WH008,217,47,2022-06-26
P8818959,Conditioner - Lemon,Home Care,SUP40007,WH004,334,56,2023-05-10
P3309251,Mouthwash - Herbal,Baby Care,SUP40009,WH010,1639,272,2022-04-05
P1617963,Hand Soap - 500ml,Baby Care,SUP40003,WH003,1830,211,2022-04-08
P9537575,Baby Wipes - 500ml,Personal Care,SUP400010,WH002,1633,421,2022-12-05
P3670450,Glass Cleaner - Aloe,Kitchen Care,SUP40003,WH006,1906,220,2022-07-28
P8015274,Hand Soap - Herbal,Oral Care,SUP40007,WH007,707,172,2022-04-13
P1285802,Baby Lotion - 500ml,Hair Care,SUP400010,WH009,1667,474,2023-07-26
P2717149,Conditioner - Aloe,Home Care,SUP40001,WH001,947,175,2022-08-25
P7691288,Bleach - 500ml,Laundry,SUP40009,WH008,1749,477,2023-01-30
P1208174,Bleach - Lemon,Personal Care,SUP40003,WH009,1856,230,2022-04-14
P6404183,Conditioner - Mint,Kitchen Care,SUP40003,WH001,1405,219,2022-10-15
P7113517,Conditioner - 500ml,Hair Care,SUP40008,WH006,1515,365,2023-08-25
P0772841,Hair Spray - 1L,Oral Care,SUP40002,WH008,319,64,2023-07-12
P2585100,Hair Spray - 500ml,Kitchen Care,SUP40004,WH001,1920,333,2022-02-02
P5345223,Floor Cleaner - 1L,Personal Care,SUP40009,WH006,263,56,2022-11-28
P0196852,Hair Spray - 2L,Hair Care,SUP40001,WH006,1533,323,2023-04-13
P9693602,Dishwashing Gel - Large,Kitchen Care,SUP40009,WH006,1368,341,2022-06-23
P3874453,Surface Cleaner - Herbal,Baby Care,SUP40002,WH003,843,129,2022-04-25
P0133634,Hair Spray - Lemon,Home Care,SUP40004,WH002,1051,107,2022-06-11
P1396026,Dishwashing Gel - Large,Oral Care,SUP40006,WH002,248,27,2022-12-01
P2961887,Toilet Cleaner - Small,Personal Care,SUP40001,WH010,482,76,2022-05-26
P9782188,Baby Diapers - Herbal,Home Care,SUP40001,WH009,889,126,2022-05-22
P9350864,Conditioner - Small,Personal Care,SUP40006,WH005,742,121,2023-09-07
P3936711,Conditioner - Lemon,Laundry,SUP40007,WH007,355,52,2023-09-09
P1422874,Toothpaste - 500ml,Hair Care,SUP40004,WH007,1686,407,2022-12-10
P1818586,Hand Soap - Mint,Kitchen Care,SUP40003,WH010,1334,358,2023-09-23
P7857201,Toothpaste - 2L,Home Care,SUP40003,WH006,530,102,2023-08-22
P8804055,Glass Cleaner - Aloe,Laundry,SUP400010,WH002,871,161,2022-10-19
P8684399,Hand Soap - Aloe,Personal Care,SUP400010,WH005,376,37,2022-05-03
P3959562,Glass Cleaner - Small,Hair Care,SUP40006,WH005,1293,331,2022-05-20
P0951206,Glass Cleaner - 2L,Personal Care,SUP40005,WH001,1014,219,2023-09-01
P3432590,Glass Cleaner - Medium,Personal Care,SUP40002,WH001,1050,274,2023-08-02
P8594021,Bleach - Medium,Laundry,SUP40004,WH008,1937,544,2022-12-05
P7287974,Mouthwash - Mint,Kitchen Care,SUP400010,WH005,1905,334,2022-05-01
P7684460,Glass Cleaner - Lemon,Baby Care,SUP40008,WH001,973,125,2022-12-29
P7445929,Dental Floss - 500ml,Kitchen Care,SUP40005,WH002,866,192,2023-05-08
P5468528,Baby Wipes - 2L,Oral Care,SUP400010,WH008,667,141,2022-01-02
P3211555,Mouthwash - Medium,Hair Care,SUP400010,WH010,986,205,2022-02-05
P5224859,Baby Diapers - Large,Personal Care,SUP40002,WH006,1267,219,2022-09-10
P5008753,Fabric Softener - 2L,Kitchen Care,SUP400010,WH001,834,205,2022-06-21
P4057504,Dishwashing Gel - Small,Home Care,SUP40004,WH005,744,173,2022-02-03
P8760882,Shampoo - Herbal,Oral Care,SUP40001,WH005,150,42,2022-09-08
P7262944,Hair Spray - Large,Hair Care,SUP40008,WH010,896,111,2022-03-14
P5631593,Floor Cleaner - Herbal,Oral Care,SUP40006,WH007,715,142,2023-06-29
P8132590,Conditioner - Lemon,Laundry,SUP40006,WH006,490,137,2023-05-15
P0309074,Toilet Cleaner - Mint,Baby Care,SUP40004,WH002,240,27,2023-07-08
P1959810,Toothpaste - Herbal,Oral Care,SUP40004,WH005,586,76,2022-12-08
P3460391,Hand Soap - Aloe,Laundry,SUP40004,WH006,568,128,2022-04-22
P1611202,Shaving Cream - Mint,Kitchen Care,SUP40003,WH007,415,61,2022-10-04
P4952868,Floor Cleaner - Herbal,Hair Care,SUP40005,WH010,805,144,2023-06-13
P3750456,Dishwashing Gel - Lemon,Personal Care,SUP40006,WH005,747,177,2023-07-31
P0993227,Surface Cleaner - 1L,Personal Care,SUP40005,WH007,443,49,2022-06-16
P8319099,Laundry Detergent - Large,Home Care,SUP40005,WH008,769,177,2023-01-09
P4756761,Dental Floss - Mint,Personal Care,SUP40003,WH007,1611,287,2023-06-07
P7302974,Bleach - Medium,Hair Care,SUP40005,WH006,1382,225,2022-10-05
P7615974,Surface Cleaner - Lemon,Home Care,SUP40004,WH007,989,210,2023-03-25
P9166849,Baby Lotion - Herbal,Home Care,SUP40002,WH004,1535,244,2023-09-20
P7034703,Shampoo - Medium,Baby Care,SUP40003,WH004,1878,439,2023-05-28
P7370677,Baby Wipes - Mint,Personal Care,SUP40002,WH004,183,31,2023-05-30
P2047374,Hair Spray - Medium,Hair Care,SUP40009,WH003,1365,144,2022-06-16
P8620842,Mouthwash - Lemon,Oral Care,SUP40007,WH004,1700,315,2023-01-20
P4061742,Toilet Cleaner - Lemon,Personal Care,SUP40007,WH005,1930,216,2023-03-03
P4436097,Dental Floss - Aloe,Laundry,SUP40001,WH009,80,9,2022-09-07
P5076799,Laundry Detergent - 2L,Laundry,SUP40002,WH003,498,118,2022-04-21
P0172791,Baby Lotion - Herbal,Baby Care,SUP40002,WH001,206,32,2022-02-13
P1879774,Laundry Detergent - Herbal,Kitchen Care,SUP40006,WH010,109,22,2022-12-03
P7409248,Toilet Cleaner - Medium,Hair Care,SUP40001,WH005,690,105,2023-07-22
P8255875,Bleach - Mint,Hair Care,SUP40008,WH006,1203,259,2022-09-12
P4654472,Hair Spray - Lemon,Laundry,SUP40005,WH001,296,60,2022-11-18
P8881468,Toothpaste - Large,Home Care,SUP40006,WH002,298,50,2022-03-11
P7233149,Floor Cleaner - Small,Personal Care,SUP40002,WH007,1852,552,2023-07-28
P6152485,Hair Spray - 2L,Laundry,SUP40002,WH006,1962,539,2022-01-13
P5814569,Toilet Cleaner - Small,Kitchen Care,SUP40004,WH006,1357,294,2022-01-12
P2716358,Shaving Cream - Large,Oral Care,SUP40003,WH001,1934,549,2022-06-15
P4435860,Mouthwash - Aloe,Hair Care,SUP40004,WH001,347,38,2023-06-14
P9866037,Laundry Detergent - 1L,Kitchen Care,SUP40009,WH010,1040,131,2023-03-01
P4131156,Baby Diapers - 1L,Home Care,SUP40007,WH002,1589,342,2022-04-26
P3724182,Glass Cleaner - Aloe,Kitchen Care,SUP40007,WH008,1377,186,2023-01-12
P9340169,Glass Cleaner - 500ml,Home Care,SUP40003,WH007,606,122,2023-03-24
P9327267,Fabric Softener - 1L,Home Care,SUP40009,WH009,1156,174,2023-09-09
P3785810,Conditioner - Mint,Baby Care,SUP40001,WH009,865,252,2023-06-14
P3021396,Mouthwash - Mint,Personal Care,SUP40006,WH005,1444,302,2023-06-29
P6826956,Dishwashing Gel - 1L,Laundry,SUP40006,WH002,388,89,2022-04-01
P3011096,Shampoo - Small,Kitchen Care,SUP40003,WH006,375,39,2023-08-20
P8844608,Glass Cleaner - Mint,Baby Care,SUP40007,WH008,1661,204,2022-03-31
P7275450,Glass Cleaner - Mint,Oral Care,SUP40008,WH010,880,239,2023-01-29
P5524945,Bleach - Medium,Hair Care,SUP40006,WH009,723,184,2022-10-25
P5906482,Laundry Detergent - 1L,Kitchen Care,SUP40009,WH003,205,58,2023-01-06
P9942917,Floor Cleaner - Small,Laundry,SUP40001,WH002,511,86,2022-04-05
P7656075,Hair Spray - 1L,Home Care,SUP40004,WH002,850,237,2023-08-01
P1269835,Laundry Detergent - Medium,Baby Care,SUP40002,WH001,606,145,2022-03-30
P5959478,Mouthwash - Mint,Laundry,SUP40002,WH003,548,120,2023-04-13
P8387408,Baby Wipes - Lemon,Home Care,SUP40005,WH007,315,75,2022-02-21
P6130029,Dishwashing Gel - Large,Hair Care,SUP400010,WH010,136,40,2022-12-15
P1159564,Floor Cleaner - 500ml,Home Care,SUP40006,WH001,373,53,2023-06-19
P3533251,Laundry Detergent - Mint,Personal Care,SUP40005,WH010,160,41,2022-09-20
P0217885,Dental Floss - Mint,Hair Care,SUP40009,WH008,1879,357,2023-07-29
P1186088,Baby Wipes - Herbal,Laundry,SUP40001,WH001,1258,311,2022-06-12
P7977918,Shaving Cream - 2L,Baby Care,SUP40007,WH001,1629,446,2022-07-29
P8523971,Baby Diapers - Herbal,Kitchen Care,SUP40003,WH001,1250,198,2022-05-31
P0679619,Glass Cleaner - 2L,Home Care,SUP40002,WH002,725,123,2023-06-27
P0758566,Floor Cleaner - Medium,Personal Care,SUP40008,WH006,1853,351,2022-05-31
P7262312,Baby Wipes - 500ml,Oral Care,SUP40008,WH008,300,62,2023-01-18
P8481798,Baby Diapers - Small,Oral Care,SUP40004,WH007,1145,325,2023-08-19
P7373698,Glass Cleaner - Large,Oral Care,SUP400010,WH005,537,105,2023-06-17
P0745767,Toothpaste - Large,Baby Care,SUP40003,WH007,64,17,2022-07-04
P6370288,Toilet Cleaner - Small,Baby Care,SUP40003,WH001,1846,379,2023-04-16
P9213460,Toothpaste - 500ml,Home Care,SUP40003,WH005,561,162,2022-06-29
P2076002,Shampoo - 1L,Laundry,SUP40003,WH007,1423,198,2023-08-28
P0000984,Fabric Softener - Small,Personal Care,SUP40006,WH003,1550,314,2022-05-21
P6309986,Laundry Detergent - Small,Baby Care,SUP40006,WH008,558,146,2023-02-22
P2370429,Toothpaste - Medium,Kitchen Care,SUP40009,WH010,670,153,2023-08-29
P4076403,Baby Diapers - 2L,Personal Care,SUP40008,WH006,203,43,2022-11-05
P8723053,Baby Wipes - Small,Personal Care,SUP40008,WH010,355,67,2023-08-26
P8742877,Shaving Cream - 2L,Oral Care,SUP40008,WH008,1127,161,2023-03-31
P0208779,Conditioner - Lemon,Home Care,SUP40008,WH005,1908,540,2022-08-15
P8586560,Detergent Liquid - 1L,Laundry,SUP40003,WH009,676,174,2023-02-23
P0741742,Floor Cleaner - Lemon,Kitchen Care,SUP40009,WH001,1715,233,2023-03-04
P3944970,Dishwashing Gel - Aloe,Home Care,SUP40004,WH004,1676,197,2022-07-04
P4533158,Toothpaste - 500ml,Baby Care,SUP40001,WH006,314,62,2022-10-27
P2012182,Mouthwash - 2L,Personal Care,SUP40006,WH006,1421,207,2023-08-23
P1490449,Fabric Softener - Small,Oral Care,SUP40004,WH009,1037,243,2022-06-07
P9887827,Conditioner - Mint,Kitchen Care,SUP40005,WH005,107,14,2022-07-30
P2612767,Mouthwash - Aloe,Personal Care,SUP400010,WH003,350,63,2022-08-14
P0642621,Toilet Cleaner - Small,Home Care,SUP40005,WH010,816,196,2023-01-11
P7715352,Floor Cleaner - 2L,Home Care,SUP40002,WH003,1636,198,2022-09-02
P1311057,Baby Wipes - Medium,Kitchen Care,SUP40002,WH010,1533,262,2022-09-12
P3171865,Conditioner - Small,Baby Care,SUP400010,WH003,1347,146,2022-12-02
P0447446,Surface Cleaner - Mint,Home Care,SUP40005,WH006,1950,387,2022-04-24
P2030562,Hair Spray - Lemon,Laundry,SUP40003,WH009,1462,275,2022-02-07
P7149206,Hand Soap - Herbal,Hair Care,SUP40006,WH005,435,117,2022-08-21
P4519374,Laundry Detergent - Small,Kitchen Care,SUP40001,WH003,275,39,2022-06-05
P0617861,Glass Cleaner - 1L,Kitchen Care,SUP40004,WH002,976,273,2022-06-17
P2796486,Detergent Liquid - Medium,Laundry,SUP40003,WH004,1447,198,2022-05-15
P7234376,Detergent Liquid - Mint,Baby Care,SUP40001,WH010,117,35,2022-06-23
P4388365,Baby Wipes - 500ml,Kitchen Care,SUP400010,WH004,1216,264,2023-04-15
P7032105,Toothpaste - Medium,Oral Care,SUP40006,WH006,1308,341,2023-01-11
P5123715,Shaving Cream - Small,Personal Care,SUP40002,WH010,1921,299,2022-09-22
P1451859,Toothpaste - Small,Kitchen Care,SUP40007,WH002,757,210,2022-07-15
P9019710,Laundry Detergent - Aloe,Baby Care,SUP40003,WH007,1196,178,2023-02-06
P4307090,Toothpaste - Medium,Personal Care,SUP40009,WH008,1785,317,2022-01-20
P3941001,Shampoo - Lemon,Oral Care,SUP400010,WH008,580,63,2022-12-05
P8086508,Baby Wipes - Large,Baby Care,SUP40001,WH007,1965,287,2023-03-13
P5800038,Shampoo - 2L,Kitchen Care,SUP40006,WH008,145,18,2023-01-13
P0941869,Shaving Cream - Lemon,Home Care,SUP40006,WH002,1932,546,2022-12-12
P6257227,Baby Diapers - Aloe,Laundry,SUP40007,WH005,1187,127,2023-03-28
P1725776,Baby Lotion - 2L,Personal Care,SUP40001,WH008,852,224,2022-12-05
P0084429,Bleach - Lemon,Baby Care,SUP40006,WH005,1019,141,2022-08-20
P1936258,Conditioner - Herbal,Oral Care,SUP40005,WH005,412,82,2023-06-07
P5978525,Toothpaste - Mint,Laundry,SUP40007,WH010,88,24,2023-06-26
P0051664,Shaving Cream - 2L,Oral Care,SUP40004,WH010,1229,241,2023-05-06
P8323056,Toothpaste - Herbal,Hair Care,SUP40004,WH004,1940,580,2022-05-08
P4112985,Toilet Cleaner - 2L,Laundry,SUP40008,WH008,1859,404,2022-02-16
P9252351,Conditioner - Aloe,Baby Care,SUP40008,WH002,1099,153,2022-09-14
P1812435,Glass Cleaner - Small,Kitchen Care,SUP40004,WH009,1787,202,2022-07-20
P7717416,Baby Lotion - Lemon,Kitchen Care,SUP40005,WH010,1539,376,2022-11-21
P4430693,Surface Cleaner - Large,Baby Care,SUP40006,WH010,1126,161,2022-03-12
P1257480,Floor Cleaner - 500ml,Laundry,SUP40002,WH004,66,14,2022-01-12
P7247611,Dishwashing Gel - Small,Baby Care,SUP40004,WH009,1443,228,2022-05-28
P1595338,Dental Floss - Herbal,Baby Care,SUP40007,WH010,495,70,2022-10-29
P6430802,Dishwashing Gel - Aloe,Baby Care,SUP40006,WH004,467,132,2022-03-12
P3816620,Shaving Cream - 2L,Personal Care,SUP40007,WH005,489,77,2023-08-03
P0895086,Baby Lotion - 1L,Personal Care,SUP40005,WH003,1831,301,2022-03-18
P0977287,Floor Cleaner - 500ml,Oral Care,SUP40006,WH006,154,28,2022-04-13
P4782484,Shampoo - Herbal,Oral Care,SUP400010,WH001,1944,458,2023-02-19
P2655487,Baby Wipes - Mint,Hair Care,SUP40008,WH009,1750,476,2022-05-22
P2281783,Toilet Cleaner - 500ml,Hair Care,SUP40009,WH005,1306,196,2022-12-04
P6985659,Surface Cleaner - Small,Oral Care,SUP40007,WH002,822,85,2022-12-06
P5059442,Fabric Softener - Lemon,Kitchen Care,SUP40004,WH004,506,137,2022-01-26
P6388654,Fabric Softener - Lemon,Oral Care,SUP40008,WH008,1242,193,2023-02-11
P6793562,Shaving Cream - 500ml,Kitchen Care,SUP40007,WH005,1048,219,2022-09-06
P3403471,Baby Lotion - Lemon,Laundry,SUP400010,WH005,446,48,2022-07-02
P5541522,Hair Spray - Herbal,Baby Care,SUP40004,WH003,309,74,2022-04-14
P3499378,Toilet Cleaner - Small,Oral Care,SUP40003,WH003,1605,352,2023-09-08
P0377468,Hand Soap - Lemon,Oral Care,SUP40008,WH003,1086,159,2023-08-28
P7773941,Fabric Softener - Mint,Baby Care,SUP40007,WH003,1872,553,2023-08-13
P0729113,Baby Diapers - Mint,Laundry,SUP400010,WH003,280,72,2022-03-31
P9923181,Hair Spray - Small,Personal Care,SUP40005,WH005,1314,152,2023-04-09
P3737323,Baby Wipes - Aloe,Kitchen Care,SUP40009,WH006,1140,268,2023-03-31
P6973571,Detergent Liquid - Medium,Kitchen Care,SUP40005,WH009,1418,370,2023-06-21
P1736370,Conditioner - Herbal,Baby Care,SUP40009,WH007,1870,192,2022-01-23
P1655699,Toilet Cleaner - Small,Baby Care,SUP400010,WH006,847,140,2022-03-27
P7440115,Dishwashing Gel - 500ml,Hair Care,SUP40004,WH005,1862,458,2023-09-22
P7128292,Toothpaste - 1L,Home Care,SUP40009,WH001,86,20,2022-06-02
P7720633,Fabric Softener - 2L,Kitchen Care,SUP400010,WH002,1887,421,2022-12-04
P4630550,Toilet Cleaner - Aloe,Hair Care,SUP400010,WH006,1702,241,2023-02-17
P1118686,Dental Floss - 500ml,Kitchen Care,SUP40002,WH008,1886,375,2023-07-16
P3721402,Baby Lotion - 500ml,Kitchen Care,SUP400010,WH010,1475,377,2022-01-14
P2826098,Hand Soap - 500ml,Baby Care,SUP40006,WH010,1069,175,2023-06-04
P3733956,Conditioner - Aloe,Kitchen Care,SUP40005,WH006,871,104,2023-04-24
P9512219,Mouthwash - 500ml,Laundry,SUP40002,WH010,219,43,2022-04-13
P2116317,Hand Soap - 2L,Personal Care,SUP40003,WH007,668,125,2023-06-02
P9798149,Toothpaste - Lemon,Hair Care,SUP40007,WH005,585,171,2023-02-12
P6894887,Hand Soap - 1L,Hair Care,SUP40002,WH004,1513,423,2022-11-29
P8220724,Laundry Detergent - Large,Home Care,SUP40001,WH007,1801,251,2022-04-17
P5843718,Glass Cleaner - Herbal,Laundry,SUP40008,WH010,1485,355,2022-05-23
P9316845,Baby Lotion - Large,Personal Care,SUP40005,WH002,995,255,2022-03-17
P2093898,Toilet Cleaner - Lemon,Personal Care,SUP40001,WH007,1373,282,2023-02-15
P1436094,Fabric Softener - Lemon,Baby Care,SUP400010,WH007,1347,207,2023-05-30
P4646445,Baby Diapers - Aloe,Hair Care,SUP40008,WH007,1777,451,2022-12-20
P9922501,Glass Cleaner - Herbal,Oral Care,SUP40005,WH010,1514,445,2023-08-25
P7593370,Surface Cleaner - 500ml,Hair Care,SUP40009,WH002,58,7,2022-02-21
P0510733,Baby Lotion - 500ml,Hair Care,SUP40002,WH003,596,106,2023-08-22
P1260711,Floor Cleaner - Medium,Oral Care,SUP40004,WH002,1760,218,2022-09-15
P6847412,Glass Cleaner - 2L,Baby Care,SUP40008,WH009,1532,180,2023-05-12
P5719087,Hand Soap - Lemon,Hair Care,SUP40006,WH009,890,207,2022-10-25
P1429937,Toilet Cleaner - 2L,Baby Care,SUP40002,WH006,1881,355,2023-01-07
P9004059,Toilet Cleaner - 500ml,Laundry,SUP40009,WH008,146,19,2023-04-15
P3436785,Fabric Softener - Aloe,Laundry,SUP40002,WH007,1387,414,2022-03-21
